name,date,price,maxp,minp,qty,opnp
ADVANC,2021-05-24,169.5,170.5,169.0,3531527,170.0
ADVANC,2021-05-25,168.5,170.5,168.5,5316360,170.0
ADVANC,2021-05-27,168.0,169.5,168.0,9877867,168.5
ADVANC,2021-05-28,169.0,170.5,169.0,4386457,169.5
ADVANC,2021-05-31,168.5,169.5,168.0,4286047,169.5
ADVANC,2021-06-01,169.5,170.0,168.0,5141687,168.5
ADVANC,2021-06-02,171.0,172.5,169.5,11354066,170.0
ADVANC,2021-06-04,169.5,171.5,169.5,5152518,171.0
ADVANC,2021-06-07,169.5,171.0,169.5,4418396,170.5
ADVANC,2021-06-08,172.5,173.0,170.0,11674226,170.5
ADVANC,2021-06-09,173.5,175.0,173.0,12000872,173.0
ADVANC,2021-06-10,173.5,175.5,173.5,5819351,175.0
ADVANC,2021-06-11,174.5,174.5,173.5,3083403,174.0
ADVANC,2021-06-14,174.5,176.0,174.0,4737177,175.0
ADVANC,2021-06-15,173.5,175.5,173.5,4871890,174.5
ADVANC,2021-06-16,173.5,174.0,173.0,2772669,173.5
ADVANC,2021-06-17,172.5,173.5,172.5,3128069,173.5
ADVANC,2021-06-18,173.5,173.5,172.0,5735798,172.5
ADVANC,2021-06-21,172.0,172.5,171.0,3990973,172.0
ADVANC,2021-06-22,171.5,173.5,171.0,4136004,172.5
ADVANC,2021-06-23,170.5,172.0,170.5,3737835,171.5
ADVANC,2021-06-24,171.5,171.5,170.0,4066553,170.5
ADVANC,2021-06-25,171.5,172.0,170.5,2565006,172.0
ADVANC,2021-06-28,170.0,171.5,170.0,3648881,170.5
ADVANC,2021-06-29,170.5,171.5,169.0,5325987,170.0
ADVANC,2021-06-30,171.0,172.0,171.0,4340013,171.0
ADVANC,2021-07-01,172.5,172.5,170.5,3270742,171.0
ADVANC,2021-07-02,171.5,173.0,171.5,3964135,172.5
ADVANC,2021-07-05,171.0,171.5,170.5,2445987,171.5
ADVANC,2021-07-06,171.5,172.0,170.5,3339683,171.5
ADVANC,2021-07-07,170.5,172.0,170.0,4564805,170.5
ADVANC,2021-07-08,169.0,170.5,169.0,4508923,169.0
ADVANC,2021-07-09,169.5,170.5,169.0,4330538,169.0
ADVANC,2021-07-12,170.0,171.0,169.0,2125876,170.5
ADVANC,2021-07-13,170.5,171.5,170.5,2214289,171.0
ADVANC,2021-07-14,170.5,171.0,170.0,4347666,171.0
ADVANC,2021-07-15,170.5,172.0,170.0,4087341,171.0
ADVANC,2021-07-16,170.5,171.5,170.0,3942567,171.5
ADVANC,2021-07-19,171.5,172.0,169.5,3981119,169.5
ADVANC,2021-07-20,174.5,174.5,171.0,12196120,171.5
ADVANC,2021-07-21,177.0,177.0,174.0,10857526,175.0
ADVANC,2021-07-22,176.5,177.0,175.0,5870173,176.5
ADVANC,2021-07-23,176.5,177.0,175.5,4259070,176.0
ADVANC,2021-07-27,176.0,177.0,174.0,6249797,177.0
ADVANC,2021-07-29,178.5,179.0,175.5,11870060,176.5
ADVANC,2021-07-30,179.5,180.0,177.0,10077328,178.0
ADVANC,2021-08-02,180.5,180.5,178.5,6494787,179.5
ADVANC,2021-08-03,177.0,180.0,174.5,14076373,180.0
ADVANC,2021-08-04,179.0,179.0,176.0,6991323,177.5
ADVANC,2021-08-05,175.5,179.0,175.0,7707667,179.0
ADVANC,2021-08-06,176.0,176.5,174.0,4347842,176.0
ADVANC,2021-08-09,177.5,178.0,175.5,4461161,176.5
ADVANC,2021-08-10,182.0,183.0,177.5,14391095,177.5
ADVANC,2021-08-11,185.5,186.5,182.0,22433849,182.5
ADVANC,2021-08-13,184.5,186.0,182.5,7593908,185.5
ADVANC,2021-08-16,181.0,181.0,178.5,6058195,181.0
ADVANC,2021-08-17,183.5,184.0,180.0,6883547,181.5
ADVANC,2021-08-18,182.5,184.0,182.0,4287625,183.5
ADVANC,2021-08-19,182.5,184.5,181.0,3909418,181.5
ADVANC,2021-08-20,183.5,184.5,182.0,9841920,182.5
ADVANC,2021-08-23,181.0,184.0,180.0,10300190,183.5
ADVANC,2021-08-24,181.0,183.0,180.5,5458961,181.5
ADVANC,2021-08-25,183.5,184.0,180.5,7125208,181.0
ADVANC,2021-08-26,184.0,185.0,182.0,9908909,183.5
ADVANC,2021-08-27,184.5,185.5,183.0,9686586,183.5
ADVANC,2021-08-30,184.0,186.5,183.5,8234701,185.5
ADVANC,2021-08-31,188.0,189.5,183.5,17961773,183.5
ADVANC,2021-09-01,186.0,189.5,186.0,9289219,188.5
ADVANC,2021-09-02,188.5,190.5,186.5,16102169,187.0
ADVANC,2021-09-03,190.0,190.0,188.0,6706201,189.0
ADVANC,2021-09-06,191.5,192.0,189.0,7260564,190.5
ADVANC,2021-09-07,197.5,198.0,192.5,20590741,193.0
ADVANC,2021-09-08,194.0,201.0,192.0,23189762,197.0
ADVANC,2021-09-09,191.0,197.0,190.5,20910618,195.0
ADVANC,2021-09-10,190.0,192.0,187.0,21828461,191.0
ADVANC,2021-09-13,193.5,193.5,190.0,8599418,190.0
ADVANC,2021-09-14,190.0,193.5,189.5,7612671,193.0
ADVANC,2021-09-15,192.5,193.0,189.0,6288987,189.0
ADVANC,2021-09-16,193.5,194.0,191.5,4478574,193.0
ADVANC,2021-09-17,194.0,194.0,191.5,4842161,193.0
ADVANC,2021-09-20,189.0,192.5,188.5,7536134,192.0
ADVANC,2021-09-21,193.0,193.0,189.0,7408634,189.5
ADVANC,2021-09-22,196.5,198.5,195.0,14201064,196.5
ADVANC,2021-09-23,196.5,199.5,194.0,12579418,198.5
ADVANC,2021-09-27,195.5,197.5,194.5,5832605,197.5
ADVANC,2021-09-28,195.5,196.0,193.5,3822791,195.0
ADVANC,2021-09-29,194.5,196.0,192.0,6050556,192.0
ADVANC,2021-09-30,196.0,197.0,194.0,7142373,195.0
ADVANC,2021-10-01,195.5,197.0,193.5,6233271,195.0
ADVANC,2021-10-04,194.5,195.5,193.5,4106771,194.5
ADVANC,2021-10-05,196.0,197.0,193.5,3978019,194.0
ADVANC,2021-10-06,195.5,198.0,194.5,7199674,196.5
ADVANC,2021-10-07,196.0,198.0,195.5,4074596,197.0
ADVANC,2021-10-08,193.5,196.5,193.0,7542412,196.5
ADVANC,2021-10-11,193.0,194.0,192.0,4581190,193.5
ADVANC,2021-10-12,193.0,194.0,191.5,5028820,193.0
ADVANC,2021-10-14,191.5,194.0,191.5,4662849,193.5
ADVANC,2021-10-15,190.5,193.0,190.5,4158563,191.5
ADVANC,2021-10-18,190.0,191.0,189.0,6085747,190.5
ADVANC,2021-10-19,187.0,190.5,187.0,9321913,190.0
ADVANC,2021-10-20,188.0,189.5,187.0,5595934,187.0
ADVANC,2021-10-21,188.0,189.0,187.5,2583467,189.0
ADVANC,2021-10-25,188.5,189.5,187.5,4427497,188.5
ADVANC,2021-10-26,189.0,189.5,187.5,5515462,188.5
ADVANC,2021-10-27,188.0,189.5,188.0,3823272,189.0
ADVANC,2021-10-28,189.5,191.0,187.5,4869489,188.0
ADVANC,2021-10-29,189.0,190.5,189.0,3489383,190.0
ADVANC,2021-11-01,188.5,191.5,188.5,4468001,189.5
ADVANC,2021-11-02,192.0,192.0,189.0,5591396,189.5
ADVANC,2021-11-03,189.5,192.5,189.0,5001098,192.5
ADVANC,2021-11-04,191.0,192.0,189.5,5282000,190.0
ADVANC,2021-11-05,192.0,192.5,190.0,3504624,191.5
ADVANC,2021-11-08,193.0,193.0,191.5,5337320,192.5
ADVANC,2021-11-09,194.0,195.0,193.5,5804327,193.5
ADVANC,2021-11-10,194.0,194.5,192.0,3522131,193.0
ADVANC,2021-11-11,193.5,194.5,193.0,2566309,194.0
ADVANC,2021-11-12,193.0,194.5,192.5,3458246,193.5
ADVANC,2021-11-15,194.0,195.0,192.5,3156455,192.5
ADVANC,2021-11-16,195.5,195.5,193.5,4342016,193.5
ADVANC,2021-11-17,197.0,197.0,194.0,5181400,195.0
ADVANC,2021-11-18,197.5,197.5,196.0,6248710,196.0
ADVANC,2021-11-19,196.0,198.5,195.5,7155530,197.5
ADVANC,2021-11-22,209.0,212.0,201.0,35145260,205.0
ADVANC,2021-11-23,215.0,215.0,207.0,16617710,209.0
ADVANC,2021-11-24,214.0,219.0,212.0,16555418,216.0
ADVANC,2021-11-25,210.0,215.0,209.0,6646312,214.0
ADVANC,2021-11-26,205.0,210.0,205.0,8127629,209.0
ADVANC,2021-11-29,211.0,214.0,206.0,10665900,207.0
ADVANC,2021-11-30,206.0,215.0,205.0,17455959,212.0
ADVANC,2021-12-01,211.0,211.0,204.0,12376052,209.0
ADVANC,2021-12-02,212.0,214.0,208.0,9276469,209.0
ADVANC,2021-12-03,212.0,213.0,210.0,5809527,212.0
ADVANC,2021-12-07,211.0,215.0,211.0,6115663,213.0
ADVANC,2021-12-08,220.0,220.0,212.0,7828584,212.0
ADVANC,2021-12-09,216.0,219.0,214.0,6942219,219.0
ADVANC,2021-12-13,217.0,219.0,214.0,5785002,218.0
ADVANC,2021-12-14,219.0,219.0,215.0,4156956,216.0
ADVANC,2021-12-15,218.0,221.0,217.0,4957767,218.0
ADVANC,2021-12-16,220.0,220.0,216.0,4818228,219.0
ADVANC,2021-12-17,218.0,220.0,218.0,5088299,220.0
ADVANC,2021-12-20,212.0,217.0,209.0,7623888,216.0
ADVANC,2021-12-21,218.0,219.0,213.0,6395336,214.0
ADVANC,2021-12-22,216.0,219.0,216.0,1873151,218.0
ADVANC,2021-12-23,226.0,230.0,218.0,13945977,218.0
ADVANC,2021-12-24,224.0,226.0,222.0,2764015,225.0
ADVANC,2021-12-27,223.0,226.0,222.0,2905195,224.0
ADVANC,2021-12-28,225.0,229.0,223.0,5497608,224.0
ADVANC,2021-12-29,229.0,229.0,224.0,3422069,225.0
ADVANC,2021-12-30,230.0,231.0,228.0,5031366,230.0
ADVANC,2022-01-04,228.0,232.0,227.0,5139588,230.0
ADVANC,2022-01-05,226.0,227.0,224.0,6182208,227.0
ADVANC,2022-01-06,221.0,224.0,221.0,8608039,223.0
ADVANC,2022-01-07,221.0,222.0,215.0,12078909,221.0
ADVANC,2022-01-10,219.0,221.0,218.0,6138088,221.0
ADVANC,2022-01-11,224.0,226.0,221.0,8144340,221.0
ADVANC,2022-01-12,222.0,226.0,221.0,3215972,225.0
ADVANC,2022-01-13,220.0,224.0,218.0,4654037,223.0
ADVANC,2022-01-14,220.0,222.0,219.0,6095171,220.0
ADVANC,2022-01-17,218.0,220.0,217.0,5105379,219.0
ADVANC,2022-01-18,222.0,223.0,219.0,6069536,219.0
ADVANC,2022-01-19,222.0,222.0,219.0,2205841,221.0
ADVANC,2022-01-20,221.0,223.0,221.0,2437730,222.0
ADVANC,2022-01-21,222.0,222.0,220.0,2848086,220.0
ADVANC,2022-01-24,223.0,225.0,221.0,3715504,222.0
ADVANC,2022-01-25,222.0,223.0,219.0,5048206,222.0
ADVANC,2022-01-26,221.0,224.0,221.0,2817026,223.0
ADVANC,2022-01-27,224.0,225.0,220.0,3659314,220.0
ADVANC,2022-01-28,222.0,224.0,221.0,2523649,223.0
ADVANC,2022-01-31,220.0,224.0,220.0,2591555,223.0
ADVANC,2022-02-01,221.0,222.0,220.0,2657669,221.0
ADVANC,2022-02-02,223.0,224.0,220.0,2558281,221.0
ADVANC,2022-02-03,223.0,224.0,222.0,2156613,222.0
ADVANC,2022-02-04,220.0,224.0,219.0,5452287,223.0
ADVANC,2022-02-07,219.0,220.0,218.0,2759886,219.0
ADVANC,2022-02-08,222.0,222.0,219.0,5942547,220.0
ADVANC,2022-02-09,226.0,227.0,223.0,12706745,223.0
ADVANC,2022-02-10,229.0,230.0,225.0,6596259,226.0
ADVANC,2022-02-11,237.0,237.0,226.0,13668988,228.0
ADVANC,2022-02-14,234.0,236.0,230.0,10764156,236.0
ADVANC,2022-02-15,237.0,237.0,232.0,6940745,234.0
ADVANC,2022-02-17,240.0,242.0,238.0,11550804,239.0
ADVANC,2022-02-18,238.0,239.0,235.0,6705878,236.0
ADVANC,2022-02-21,228.0,237.0,227.0,8392239,236.0
ADVANC,2022-02-22,230.0,231.0,225.0,6372769,225.0
ADVANC,2022-02-23,233.0,233.0,229.0,4536039,230.0
ADVANC,2022-02-24,227.0,233.0,226.0,6727047,230.0
ADVANC,2022-02-25,228.0,231.0,227.0,2601825,229.0
ADVANC,2022-02-28,229.0,230.0,225.0,7650447,227.0
ADVANC,2022-03-01,237.0,237.0,231.0,7478947,232.0
ADVANC,2022-03-02,236.0,242.0,236.0,8601149,241.0
ADVANC,2022-03-03,238.0,239.0,235.0,4609517,237.0
ADVANC,2022-03-04,232.0,237.0,232.0,5878395,236.0
ADVANC,2022-03-07,226.0,232.0,222.0,10334086,230.0
ADVANC,2022-03-08,226.0,227.0,221.0,9178015,225.0
ADVANC,2022-03-09,232.0,232.0,224.0,8920365,227.0
ADVANC,2022-03-10,231.0,235.0,229.0,5653101,235.0
ADVANC,2022-03-11,234.0,235.0,231.0,4617509,231.0
ADVANC,2022-03-14,235.0,237.0,233.0,3922203,236.0
ADVANC,2022-03-15,232.0,235.0,230.0,7053066,234.0
ADVANC,2022-03-16,235.0,235.0,232.0,4274816,233.0
ADVANC,2022-03-17,234.0,240.0,233.0,8916369,236.0
ADVANC,2022-03-18,232.0,235.0,231.0,5153307,234.0
ADVANC,2022-03-21,230.0,233.0,229.0,4190764,232.0
ADVANC,2022-03-22,230.0,232.0,229.0,3244664,230.0
ADVANC,2022-03-23,226.0,231.0,226.0,4674634,230.0
ADVANC,2022-03-24,231.0,233.0,227.0,6831814,227.0
ADVANC,2022-03-25,231.0,232.0,229.0,2824173,231.0
ADVANC,2022-03-28,232.0,234.0,231.0,2873033,232.0
ADVANC,2022-03-29,237.0,237.0,232.0,6017333,233.0
ADVANC,2022-03-30,235.0,237.0,232.0,5684504,237.0
ADVANC,2022-03-31,233.0,235.0,232.0,4040761,235.0
ADVANC,2022-04-01,236.0,236.0,233.0,4151647,233.0
ADVANC,2022-04-04,233.0,236.0,233.0,1637963,235.0
ADVANC,2022-04-05,234.0,236.0,233.0,3259612,235.0
ADVANC,2022-04-07,227.0,235.0,227.0,8729527,234.0
ADVANC,2022-04-08,226.0,229.0,225.0,4392683,228.0
ADVANC,2022-04-11,224.0,226.0,223.0,3506930,225.0
ADVANC,2022-04-12,223.0,225.0,221.0,2648417,222.0
ADVANC,2022-04-18,221.0,223.0,219.0,5794754,223.0
ADVANC,2022-04-19,215.0,223.0,214.0,9766443,222.0
ADVANC,2022-04-20,216.0,220.0,215.0,8093174,215.0
ADVANC,2022-04-21,219.0,221.0,218.0,7799936,218.0
ADVANC,2022-04-22,218.0,220.0,216.0,4052654,218.0
ADVANC,2022-04-25,216.0,217.0,215.0,5379957,217.0
ADVANC,2022-04-26,217.0,220.0,217.0,3813928,217.0
ADVANC,2022-04-27,219.0,220.0,217.0,5509608,218.0
ADVANC,2022-04-28,220.0,221.0,218.0,6038652,220.0
ADVANC,2022-04-29,215.0,219.0,214.0,8744346,218.0
ADVANC,2022-05-03,212.0,217.0,211.0,5939710,215.0
ADVANC,2022-05-05,209.0,212.0,207.0,11392815,210.0
ADVANC,2022-05-06,208.0,210.0,207.0,5580734,207.0
ADVANC,2022-05-09,205.0,207.0,204.0,6467296,207.0
ADVANC,2022-05-10,213.0,215.0,207.0,17234278,211.0
ADVANC,2022-05-11,214.0,217.0,212.0,8235224,214.0
ADVANC,2022-05-12,216.0,218.0,212.0,9044857,212.0
ADVANC,2022-05-13,215.0,216.0,212.0,5006148,215.0
ADVANC,2022-05-17,218.0,219.0,215.0,5708097,218.0
ADVANC,2022-05-18,219.0,220.0,216.0,6394549,219.0
ADVANC,2022-05-19,217.0,219.0,215.0,4323316,216.0
ADVANC,2022-05-20,218.0,220.0,216.0,4577959,218.0
ADVANC,2022-05-23,220.0,220.0,217.0,5007141,219.0
ADVANC,2022-05-24,224.0,225.0,221.0,10739091,221.0
ADVANC,2022-05-25,220.0,225.0,220.0,7120688,224.0
ADVANC,2022-05-26,222.0,223.0,220.0,3067040,221.0
ADVANC,2022-05-27,218.0,223.0,216.0,8363600,222.0
ADVANC,2022-05-30,217.0,219.0,216.0,3382233,218.0
ADVANC,2022-05-31,217.0,219.0,216.0,15005317,217.0
ADVANC,2022-06-01,220.0,221.0,217.0,4676930,218.0
ADVANC,2022-06-02,217.0,219.0,216.0,4505782,219.0
ADVANC,2022-06-06,214.0,217.0,211.0,6312451,217.0
ADVANC,2022-06-07,212.0,214.0,211.0,4427459,213.0
ADVANC,2022-06-08,211.0,213.0,209.0,8319068,212.0
ADVANC,2022-06-09,212.0,213.0,210.0,5267975,211.0
ADVANC,2022-06-10,208.0,211.0,207.0,6372669,211.0
ADVANC,2022-06-13,207.0,208.0,205.0,5289224,206.0
ADVANC,2022-06-14,209.0,210.0,205.0,3996564,206.0
ADVANC,2022-06-15,206.0,208.0,206.0,4468320,208.0
ADVANC,2022-06-16,199.5,208.0,198.5,14886892,207.0
ADVANC,2022-06-17,202.0,203.0,197.5,10881275,199.0
ADVANC,2022-06-20,203.0,204.0,201.0,2744508,202.0
ADVANC,2022-06-21,201.0,203.0,200.0,4069229,202.0
ADVANC,2022-06-22,198.0,202.0,197.5,8419260,200.0
ADVANC,2022-06-23,197.0,199.5,196.0,8712294,198.0
ADVANC,2022-06-24,202.0,203.0,197.0,9722875,197.5
ADVANC,2022-06-27,202.0,204.0,200.0,4345184,204.0
ADVANC,2022-06-28,204.0,204.0,200.0,4799475,202.0
ADVANC,2022-06-29,199.0,202.0,198.0,10824112,201.0
ADVANC,2022-06-30,194.5,199.5,194.5,13226308,198.5
ADVANC,2022-07-01,197.5,197.5,194.5,6112055,195.0
ADVANC,2022-07-04,200.0,203.0,199.5,11305793,201.0
ADVANC,2022-07-05,203.0,206.0,200.0,12793287,201.0
ADVANC,2022-07-06,203.0,204.0,201.0,7142653,203.0
ADVANC,2022-07-07,205.0,207.0,202.0,6659960,203.0
ADVANC,2022-07-08,204.0,206.0,203.0,5122000,206.0
ADVANC,2022-07-11,204.0,205.0,203.0,2121578,204.0
ADVANC,2022-07-12,203.0,206.0,202.0,3537679,204.0
ADVANC,2022-07-14,204.0,207.0,202.0,6427270,206.0
ADVANC,2022-07-15,205.0,205.0,203.0,3978090,205.0
ADVANC,2022-07-18,205.0,206.0,204.0,3060201,205.0
ADVANC,2022-07-19,202.0,204.0,200.0,5135470,203.0
ADVANC,2022-07-20,202.0,204.0,200.0,5677288,203.0
ADVANC,2022-07-21,202.0,204.0,200.0,3591916,202.0
ADVANC,2022-07-22,202.0,204.0,200.0,4703949,203.0
ADVANC,2022-07-25,200.0,201.0,198.0,5298144,200.0
ADVANC,2022-07-26,198.0,200.0,198.0,4157919,200.0
ADVANC,2022-07-27,201.0,201.0,198.5,5756790,200.0
ADVANC,2022-08-01,202.0,203.0,200.0,6404113,201.0
ADVANC,2022-08-02,202.0,205.0,201.0,6197433,203.0
ADVANC,2022-08-03,202.0,203.0,201.0,2976423,203.0
ADVANC,2022-08-04,202.0,203.0,201.0,2364698,202.0
ADVANC,2022-08-05,202.0,203.0,201.0,2602848,203.0
ADVANC,2022-08-08,203.0,203.0,201.0,4580513,203.0
ADVANC,2022-08-09,205.0,205.0,202.0,4144822,203.0
ADVANC,2022-08-10,202.0,205.0,201.0,6114838,204.0
ADVANC,2022-08-11,199.5,203.0,198.5,9794233,202.0
ADVANC,2022-08-15,201.0,203.0,200.0,4682140,201.0
ADVANC,2022-08-16,201.0,202.0,200.0,5282094,202.0
ADVANC,2022-08-17,200.0,201.0,199.0,6732042,200.0
ADVANC,2022-08-18,200.0,201.0,199.5,3989408,199.5
ADVANC,2022-08-19,196.0,198.5,196.0,7767519,197.0
ADVANC,2022-08-22,194.0,196.5,193.5,7236614,196.0
ADVANC,2022-08-23,193.5,195.5,192.5,8819589,194.0
ADVANC,2022-08-24,193.0,193.5,192.0,6105732,193.5
ADVANC,2022-08-25,192.5,194.5,192.0,5435527,194.0
ADVANC,2022-08-26,192.5,193.5,192.0,3804818,193.0
ADVANC,2022-08-29,191.5,191.5,189.5,6655919,190.5
ADVANC,2022-08-30,193.5,194.0,191.0,5949492,191.0
ADVANC,2022-08-31,192.0,193.5,192.0,9156299,192.0
ADVANC,2022-09-01,190.5,192.5,190.5,5713809,192.0
ADVANC,2022-09-02,191.5,192.0,190.0,3910568,190.5
ADVANC,2022-09-05,191.5,192.0,189.0,9149466,191.5
ADVANC,2022-09-06,193.5,194.0,190.5,9522907,191.0
ADVANC,2022-09-07,193.5,194.0,192.5,7099286,193.5
ADVANC,2022-09-08,193.0,193.5,192.5,5785491,193.0
ADVANC,2022-09-09,192.5,193.5,191.5,4916545,193.0
ADVANC,2022-09-12,192.0,193.0,191.5,3616515,192.0
ADVANC,2022-09-13,196.0,196.5,192.0,11938819,192.5
ADVANC,2022-09-14,195.0,196.0,194.5,8762704,194.5
ADVANC,2022-09-15,194.0,195.5,193.0,6664399,195.0
ADVANC,2022-09-16,193.0,194.0,192.5,5725798,193.0
ADVANC,2022-09-19,191.0,193.0,190.0,5475120,193.0
ADVANC,2022-09-20,191.0,192.5,190.0,5591867,191.0
ADVANC,2022-09-21,193.5,196.0,191.5,16909631,192.0
ADVANC,2022-09-22,194.0,194.5,192.5,4764113,193.5
ADVANC,2022-09-23,193.0,193.5,192.5,3054372,193.0
ADVANC,2022-09-26,198.5,200.0,192.0,19162099,192.5
ADVANC,2022-09-27,197.5,201.0,197.0,8665851,199.0
ADVANC,2022-09-28,197.5,200.0,196.0,8792699,196.5
ADVANC,2022-09-29,195.5,198.5,194.5,6700831,197.5
ADVANC,2022-09-30,195.0,197.0,194.5,5224834,195.5
ADVANC,2022-10-03,192.0,195.0,191.5,8465155,194.5
ADVANC,2022-10-04,193.0,194.0,190.0,7986269,192.0
ADVANC,2022-10-05,190.0,193.0,190.0,9981021,192.5
ADVANC,2022-10-06,186.5,190.5,185.0,20100998,190.0
ADVANC,2022-10-07,186.5,188.0,186.0,3680566,186.0
ADVANC,2022-10-10,184.5,186.0,184.0,6271024,186.0
ADVANC,2022-10-11,185.0,186.5,184.5,4800194,186.5
ADVANC,2022-10-12,184.5,185.0,183.5,3340238,185.0
ADVANC,2022-10-17,185.0,185.0,181.5,5457391,184.5
ADVANC,2022-10-18,185.0,187.5,184.0,8033824,185.0
ADVANC,2022-10-19,185.5,185.5,184.0,3705048,184.0
ADVANC,2022-10-20,189.0,190.0,184.5,14220747,185.5
ADVANC,2022-10-21,187.0,191.0,186.0,11682493,190.0
ADVANC,2022-10-25,185.5,187.5,185.0,5210521,187.0
ADVANC,2022-10-26,187.5,188.0,185.5,4509231,185.5
ADVANC,2022-10-27,188.0,188.5,187.0,5041569,188.0
ADVANC,2022-10-28,189.0,189.0,188.0,4207421,188.0
ADVANC,2022-10-31,191.0,191.5,189.0,8133479,189.5
ADVANC,2022-11-01,193.5,193.5,191.0,6186900,191.0
ADVANC,2022-11-02,192.5,194.0,192.5,6325489,193.5
ADVANC,2022-11-03,191.5,193.0,191.5,4564909,192.0
ADVANC,2022-11-04,187.0,192.0,186.5,14607740,192.0
ADVANC,2022-11-07,185.0,187.5,184.5,9744604,187.5
ADVANC,2022-11-08,187.5,188.5,185.0,6052445,185.0
ADVANC,2022-11-09,188.0,188.0,186.5,5554684,188.0
ADVANC,2022-11-10,186.5,187.0,185.0,6023533,186.0
ADVANC,2022-11-11,189.0,189.5,187.5,7633832,188.5
ADVANC,2022-11-14,188.5,190.0,188.0,4687243,188.0
ADVANC,2022-11-15,187.5,189.0,187.0,5068551,189.0
ADVANC,2022-11-16,187.5,189.0,187.0,5651815,187.0
ADVANC,2022-11-17,187.0,187.5,186.0,6149922,187.5
ADVANC,2022-11-18,190.0,190.0,187.5,7922992,188.0
ADVANC,2022-11-21,190.5,191.0,188.5,4997503,189.5
ADVANC,2022-11-22,190.0,191.5,189.5,7787530,190.5
ADVANC,2022-11-23,190.0,191.0,189.5,4281811,190.0
ADVANC,2022-11-24,189.0,191.0,188.0,4727211,190.5
ADVANC,2022-11-25,188.5,189.0,187.0,3167925,188.5
ADVANC,2022-11-28,188.5,189.0,187.0,2321835,188.0
ADVANC,2022-11-29,190.0,190.5,189.0,3565557,189.0
ADVANC,2022-11-30,189.0,190.0,188.5,8368831,189.0
ADVANC,2022-12-01,190.0,190.5,189.0,2909581,190.0
ADVANC,2022-12-02,188.5,190.0,188.5,3419290,190.0
ADVANC,2022-12-06,185.0,188.5,183.0,11269584,188.0
ADVANC,2022-12-07,186.5,187.5,185.0,3789127,185.0
ADVANC,2022-12-08,186.5,187.0,185.5,2848924,187.0
ADVANC,2022-12-09,187.0,187.5,186.0,2855888,186.0
ADVANC,2022-12-13,186.5,188.0,186.0,3785784,188.0
ADVANC,2022-12-14,186.5,187.0,185.5,3859100,187.0
ADVANC,2022-12-15,185.5,186.5,185.0,2777515,186.0
ADVANC,2022-12-16,185.0,186.0,184.5,4993240,185.0
ADVANC,2022-12-19,186.0,186.5,184.5,2956399,186.0
ADVANC,2022-12-20,186.0,187.0,185.0,2004036,186.0
ADVANC,2022-12-21,188.0,188.5,186.0,4695125,186.5
ADVANC,2022-12-22,188.5,189.5,188.0,4637366,189.0
ADVANC,2022-12-23,190.0,190.0,188.0,4748237,188.0
ADVANC,2022-12-26,192.0,193.0,190.0,7571852,190.5
ADVANC,2022-12-27,193.5,194.0,192.0,5128851,192.5
ADVANC,2022-12-28,194.0,195.0,193.5,3692182,194.0
ADVANC,2022-12-29,196.0,196.0,193.5,4648328,194.0
ADVANC,2022-12-30,195.0,197.0,194.5,6036469,196.0
ADVANC,2023-01-03,194.5,196.5,194.5,2993519,196.0
ADVANC,2023-01-04,197.0,197.5,194.0,5079778,194.5
ADVANC,2023-01-05,201.0,202.0,196.5,13629702,197.0
ADVANC,2023-01-06,201.0,202.0,199.5,4263966,201.0
ADVANC,2023-01-09,203.0,203.0,201.0,4564272,202.0
ADVANC,2023-01-10,203.0,204.0,202.0,4854592,204.0
ADVANC,2023-01-11,199.0,204.0,199.0,6665849,203.0
ADVANC,2023-01-12,201.0,203.0,199.5,7080621,200.0
ADVANC,2023-01-13,202.0,203.0,200.0,4047603,202.0
ADVANC,2023-01-16,202.0,203.0,201.0,3681795,203.0
ADVANC,2023-01-17,201.0,202.0,200.0,4377550,201.0
ADVANC,2023-01-18,202.0,202.0,200.0,3824023,200.0
ADVANC,2023-01-19,202.0,202.0,200.0,3115943,201.0
ADVANC,2023-01-20,200.0,202.0,200.0,4367567,202.0
ADVANC,2023-01-23,201.0,202.0,200.0,2552069,200.0
ADVANC,2023-01-24,200.0,202.0,200.0,2341959,201.0
ADVANC,2023-01-25,201.0,201.0,199.0,2432818,200.0
ADVANC,2023-01-26,200.0,202.0,199.0,4415155,201.0
ADVANC,2023-01-27,200.0,201.0,199.0,1975550,200.0
ADVANC,2023-01-30,197.5,201.0,196.5,8756197,200.0
ADVANC,2023-01-31,195.0,197.5,195.0,8280730,196.5
ADVANC,2023-02-01,198.0,198.5,196.0,4760772,196.0
ADVANC,2023-02-02,197.5,200.0,197.0,5755390,198.5
ADVANC,2023-02-03,198.5,198.5,197.0,2401870,197.5
ADVANC,2023-02-06,197.0,198.5,197.0,2112826,198.5
ADVANC,2023-02-07,196.5,198.0,196.0,3223977,197.0
ADVANC,2023-02-08,195.5,196.5,195.0,3770659,196.0
ADVANC,2023-02-09,199.5,201.0,194.0,11698104,195.0
ADVANC,2023-02-10,206.0,206.0,201.0,17037520,202.0
ADVANC,2023-02-13,210.0,210.0,207.0,11099764,208.0
ADVANC,2023-02-14,208.0,211.0,206.0,8697801,211.0
ADVANC,2023-02-15,209.0,210.0,206.0,5608181,207.0
ADVANC,2023-02-16,211.0,212.0,208.0,6838734,209.0
ADVANC,2023-02-17,209.0,211.0,208.0,6407369,210.0
ADVANC,2023-02-20,209.0,210.0,207.0,5040643,208.0
ADVANC,2023-02-21,210.0,211.0,208.0,10703583,210.0
ADVANC,2023-02-22,208.0,208.0,206.0,5606917,206.0
ADVANC,2023-02-23,206.0,208.0,205.0,9114661,207.0
ADVANC,2023-02-24,201.0,206.0,201.0,9810346,205.0
ADVANC,2023-02-27,200.0,201.0,198.5,7385187,201.0
ADVANC,2023-02-28,202.0,203.0,200.0,5707934,201.0
ADVANC,2023-03-01,202.0,204.0,201.0,7671418,202.0
ADVANC,2023-03-02,202.0,203.0,200.0,5281511,202.0
ADVANC,2023-03-03,203.0,203.0,200.0,4208290,203.0
ADVANC,2023-03-07,204.0,205.0,202.0,7245453,204.0
ADVANC,2023-03-08,204.0,204.0,201.0,6517865,201.0
ADVANC,2023-03-09,207.0,208.0,203.0,9664819,205.0
ADVANC,2023-03-10,209.0,209.0,205.0,7553086,206.0
ADVANC,2023-03-13,202.0,210.0,201.0,11562188,210.0
ADVANC,2023-03-14,201.0,207.0,200.0,13590778,200.0
ADVANC,2023-03-15,205.0,207.0,201.0,8991010,203.0
ADVANC,2023-03-16,207.0,207.0,202.0,7315435,202.0
ADVANC,2023-03-17,206.0,208.0,204.0,8669634,208.0
ADVANC,2023-03-20,209.0,210.0,206.0,10095610,207.0
ADVANC,2023-03-21,214.0,215.0,208.0,13744720,210.0
ADVANC,2023-03-22,214.0,214.0,211.0,9262074,214.0
ADVANC,2023-03-23,213.0,215.0,211.0,8107935,214.0
ADVANC,2023-03-24,213.0,215.0,212.0,5703211,215.0
ADVANC,2023-03-27,212.0,213.0,210.0,4304070,213.0
ADVANC,2023-03-28,214.0,214.0,211.0,3295245,213.0
ADVANC,2023-03-29,212.0,214.0,211.0,4422022,214.0
ADVANC,2023-03-30,211.0,213.0,211.0,4400715,212.0
ADVANC,2023-03-31,212.0,213.0,211.0,3225468,212.0
ADVANC,2023-04-03,213.0,213.0,211.0,2613831,213.0
ADVANC,2023-04-04,213.0,214.0,211.0,5134765,213.0
ADVANC,2023-04-05,209.0,213.0,209.0,4479119,213.0
ADVANC,2023-04-07,210.0,210.0,206.0,3625195,207.0
ADVANC,2023-04-10,212.0,213.0,209.0,4217458,211.0
ADVANC,2023-04-11,213.0,213.0,211.0,3172014,212.0
ADVANC,2023-04-12,211.0,214.0,210.0,3786732,213.0
ADVANC,2023-04-17,213.0,215.0,211.0,4653621,213.0
ADVANC,2023-04-18,212.0,214.0,212.0,3448429,213.0
ADVANC,2023-04-19,212.0,214.0,211.0,4751540,212.0
ADVANC,2023-04-20,210.0,212.0,209.0,4691365,211.0
ADVANC,2023-04-21,209.0,211.0,207.0,4717291,210.0
ADVANC,2023-04-24,208.0,209.0,206.0,5828947,209.0
ADVANC,2023-04-25,208.0,210.0,206.0,6073743,207.0
ADVANC,2023-04-26,212.0,212.0,208.0,4258760,208.0
ADVANC,2023-04-27,214.0,216.0,212.0,11134929,213.0
ADVANC,2023-04-28,214.0,216.0,212.0,4334522,214.0
ADVANC,2023-05-02,214.0,215.0,213.0,2333229,215.0
ADVANC,2023-05-08,219.0,220.0,213.0,10299376,213.0
ADVANC,2023-05-09,218.0,219.0,216.0,5368388,219.0
ADVANC,2023-05-10,220.0,221.0,217.0,3978066,218.0
ADVANC,2023-05-11,219.0,221.0,219.0,3076900,220.0
ADVANC,2023-05-12,221.0,221.0,218.0,4503443,219.0
ADVANC,2023-05-15,211.0,222.0,210.0,13447646,222.0
ADVANC,2023-05-16,213.0,215.0,211.0,7063144,212.0
ADVANC,2023-05-17,215.0,216.0,214.0,5092000,215.0
ADVANC,2023-05-18,211.0,215.0,211.0,4419643,215.0
ADVANC,2023-05-19,210.0,212.0,209.0,3591550,211.0
ADVANC,2023-05-22,212.0,212.0,206.0,5551054,209.0
ADVANC,2023-05-23,213.0,213.0,210.0,3308226,212.0
ADVANC,2023-05-24,211.0,213.0,211.0,2438724,212.0
ADVANC,2023-05-25,212.0,213.0,210.0,3818803,212.0
ADVANC,2023-05-26,212.0,213.0,210.0,2330453,211.0
ADVANC,2023-05-29,212.0,214.0,211.0,3865083,212.0
ADVANC,2023-05-30,212.0,213.0,211.0,3526382,212.0
ADVANC,2023-05-31,211.0,213.0,211.0,6575842,211.0
ADVANC,2023-06-01,210.0,213.0,208.0,4207923,211.0
ADVANC,2023-06-02,212.0,213.0,208.0,4179460,210.0
ADVANC,2023-06-06,214.0,214.0,211.0,4436346,214.0
ADVANC,2023-06-07,215.0,215.0,213.0,5498950,215.0
ADVANC,2023-06-08,217.0,218.0,214.0,5332088,215.0
ADVANC,2023-06-09,219.0,219.0,217.0,5102588,217.0
ADVANC,2023-06-12,218.0,219.0,216.0,3391263,218.0
ADVANC,2023-06-13,218.0,219.0,216.0,3614051,217.0
ADVANC,2023-06-14,218.0,218.0,215.0,2746922,217.0
ADVANC,2023-06-15,218.0,218.0,216.0,3523604,218.0
ADVANC,2023-06-16,218.0,219.0,216.0,5036274,218.0
ADVANC,2023-06-19,216.0,218.0,215.0,1552717,217.0
ADVANC,2023-06-20,219.0,219.0,216.0,3757759,217.0
ADVANC,2023-06-21,216.0,219.0,216.0,3263216,219.0
ADVANC,2023-06-22,212.0,216.0,211.0,5326449,216.0
ADVANC,2023-06-23,211.0,213.0,209.0,4423809,211.0
ADVANC,2023-06-26,210.0,213.0,210.0,2796689,211.0
ADVANC,2023-06-27,210.0,213.0,210.0,3277070,211.0
ADVANC,2023-06-28,212.0,212.0,210.0,3915217,211.0
ADVANC,2023-06-29,211.0,213.0,211.0,3416544,212.0
ADVANC,2023-06-30,214.0,216.0,211.0,6949162,213.0
ADVANC,2023-07-03,212.0,215.0,210.0,4515201,215.0
ADVANC,2023-07-04,214.0,215.0,209.0,7484775,211.0
ADVANC,2023-07-05,216.0,218.0,215.0,7137172,215.0
ADVANC,2023-07-06,216.0,219.0,215.0,4809055,218.0
ADVANC,2023-07-07,214.0,217.0,214.0,3856294,215.0
ADVANC,2023-07-10,214.0,216.0,213.0,3990807,215.0
ADVANC,2023-07-11,216.0,216.0,213.0,3819535,214.0
ADVANC,2023-07-12,217.0,218.0,215.0,5575379,217.0
ADVANC,2023-07-13,218.0,219.0,217.0,3743896,218.0
ADVANC,2023-07-14,222.0,222.0,218.0,6238281,219.0
ADVANC,2023-07-17,222.0,223.0,220.0,5481898,223.0
ADVANC,2023-07-18,225.0,225.0,221.0,3126400,222.0
ADVANC,2023-07-19,221.0,225.0,220.0,5923843,224.0
ADVANC,2023-07-20,220.0,222.0,219.0,3845542,221.0
ADVANC,2023-07-21,222.0,223.0,218.0,4517154,220.0
ADVANC,2023-07-24,222.0,223.0,221.0,2178078,222.0
ADVANC,2023-07-25,222.0,223.0,220.0,2080727,222.0
ADVANC,2023-07-26,223.0,223.0,221.0,2119803,222.0
ADVANC,2023-07-27,224.0,225.0,221.0,5150835,223.0
ADVANC,2023-07-31,226.0,227.0,223.0,7942727,225.0
ADVANC,2023-08-02,226.0,228.0,222.0,5792001,222.0
ADVANC,2023-08-03,222.0,227.0,222.0,5546386,226.0
ADVANC,2023-08-04,224.0,226.0,222.0,2894730,222.0
ADVANC,2023-08-07,224.0,226.0,222.0,4980655,224.0
ADVANC,2023-08-08,220.0,225.0,220.0,5931769,223.0
ADVANC,2023-08-09,222.0,222.0,218.0,3694106,220.0
ADVANC,2023-08-10,221.0,222.0,219.0,4640718,221.0
ADVANC,2023-08-11,221.0,222.0,220.0,2196411,221.0
ADVANC,2023-08-15,221.0,222.0,219.0,2668730,222.0
ADVANC,2023-08-16,222.0,222.0,218.0,5807894,220.0
ADVANC,2023-08-17,223.0,223.0,220.0,4223664,221.0
ADVANC,2023-08-18,222.0,223.0,219.0,7469183,220.0
ADVANC,2023-08-21,222.0,222.0,219.0,5714943,222.0
ADVANC,2023-08-22,221.0,223.0,219.0,6751030,222.0
ADVANC,2023-08-23,222.0,223.0,220.0,4643395,220.0
ADVANC,2023-08-24,220.0,223.0,220.0,4640032,223.0
ADVANC,2023-08-25,218.0,220.0,216.0,7527632,219.0
ADVANC,2023-08-28,219.0,219.0,216.0,3480883,218.0
ADVANC,2023-08-29,214.0,220.0,213.0,12844355,219.0
ADVANC,2023-08-30,217.0,219.0,215.0,8103649,217.0
ADVANC,2023-08-31,216.0,218.0,215.0,6567041,216.0
ADVANC,2023-09-01,215.0,217.0,214.0,3496605,216.0
ADVANC,2023-09-04,213.0,215.0,212.0,4376820,214.0
ADVANC,2023-09-05,214.0,215.0,212.0,2959509,213.0
ADVANC,2023-09-06,214.0,216.0,213.0,3901719,214.0
ADVANC,2023-09-07,216.0,217.0,214.0,3712232,214.0
ADVANC,2023-09-08,216.0,217.0,215.0,1859064,216.0
ADVANC,2023-09-11,218.0,218.0,215.0,4417618,217.0
ADVANC,2023-09-12,219.0,219.0,216.0,4352325,218.0
ADVANC,2023-09-13,219.0,220.0,217.0,2916303,218.0
ADVANC,2023-09-14,221.0,221.0,219.0,3041838,220.0
ADVANC,2023-09-15,222.0,223.0,219.0,6572553,221.0
ADVANC,2023-09-18,222.0,223.0,221.0,3083813,222.0
ADVANC,2023-09-19,223.0,224.0,222.0,1437342,223.0
ADVANC,2023-09-20,221.0,225.0,221.0,6501156,225.0
ADVANC,2023-09-21,222.0,224.0,220.0,3713224,221.0
ADVANC,2023-09-22,228.0,231.0,223.0,11478617,224.0
ADVANC,2023-09-25,226.0,229.0,226.0,2954810,229.0
ADVANC,2023-09-26,225.0,228.0,225.0,6092794,225.0
ADVANC,2023-09-27,226.0,228.0,224.0,3711941,224.0
ADVANC,2023-09-28,225.0,228.0,224.0,5338817,226.0
ADVANC,2023-09-29,228.0,228.0,226.0,5664536,227.0
ADVANC,2023-10-02,228.0,230.0,226.0,7622360,229.0
ADVANC,2023-10-03,226.0,228.0,224.0,8166733,227.0
ADVANC,2023-10-04,226.0,227.0,224.0,4083340,224.0
ADVANC,2023-10-05,225.0,226.0,222.0,3833715,226.0
ADVANC,2023-10-06,223.0,226.0,222.0,2884503,226.0
ADVANC,2023-10-09,223.0,224.0,220.0,2902643,223.0
ADVANC,2023-10-10,222.0,224.0,220.0,2315411,224.0
ADVANC,2023-10-11,222.0,224.0,221.0,3536940,222.0
ADVANC,2023-10-12,224.0,224.0,222.0,2470091,222.0
ADVANC,2023-10-16,223.0,224.0,221.0,4076628,224.0
ADVANC,2023-10-17,222.0,224.0,222.0,1712933,224.0
ADVANC,2023-10-18,225.0,225.0,222.0,2416553,222.0
ADVANC,2023-10-19,226.0,227.0,223.0,4341357,226.0
ADVANC,2023-10-20,220.0,225.0,220.0,4399682,225.0
ADVANC,2023-10-24,215.0,221.0,215.0,5925842,220.0
ADVANC,2023-10-25,216.0,219.0,215.0,3662541,216.0
ADVANC,2023-10-26,215.0,219.0,215.0,4389795,216.0
ADVANC,2023-10-27,217.0,218.0,215.0,3158422,216.0
ADVANC,2023-10-30,219.0,220.0,216.0,2928320,216.0
ADVANC,2023-10-31,220.0,224.0,219.0,7401666,223.0
ADVANC,2023-11-01,212.0,217.0,211.0,10392470,217.0
ADVANC,2023-11-02,215.0,217.0,212.0,7661590,214.0
ADVANC,2023-11-03,219.0,219.0,216.0,4326433,217.0
ADVANC,2023-11-06,222.0,223.0,220.0,6806710,220.0
ADVANC,2023-11-07,221.0,226.0,221.0,8350520,224.0
ADVANC,2023-11-08,224.0,224.0,221.0,3506915,222.0
ADVANC,2023-11-09,222.0,224.0,221.0,4884356,223.0
ADVANC,2023-11-10,222.0,223.0,221.0,3808423,222.0
ADVANC,2023-11-13,225.0,225.0,221.0,2985942,222.0
ADVANC,2023-11-14,223.0,227.0,222.0,4575375,225.0
ADVANC,2023-11-15,218.0,225.0,217.0,9735989,224.0
ADVANC,2023-11-16,218.0,220.0,217.0,4866623,217.0
ADVANC,2023-11-17,218.0,220.0,217.0,3069661,218.0
ADVANC,2023-11-20,216.0,218.0,215.0,3675738,217.0
ADVANC,2023-11-21,216.0,217.0,214.0,6113599,216.0
ADVANC,2023-11-22,218.0,219.0,215.0,3009977,217.0
ADVANC,2023-11-23,218.0,219.0,216.0,2728365,218.0
ADVANC,2023-11-24,217.0,218.0,215.0,3782597,218.0
ADVANC,2023-11-27,216.0,217.0,215.0,2356518,217.0
ADVANC,2023-11-28,217.0,219.0,216.0,3151287,217.0
ADVANC,2023-11-29,218.0,218.0,217.0,2665303,218.0
ADVANC,2023-11-30,218.0,218.0,217.0,6076504,218.0
ADVANC,2023-12-01,219.0,219.0,217.0,2297806,218.0
ADVANC,2023-12-04,221.0,222.0,218.0,6040767,219.0
ADVANC,2023-12-06,221.0,222.0,219.0,4553083,221.0
ADVANC,2023-12-07,220.0,220.0,217.0,3642827,219.0
ADVANC,2023-12-08,220.0,220.0,218.0,2055619,220.0
ADVANC,2023-12-12,220.0,220.0,218.0,2771815,220.0
ADVANC,2023-12-13,218.0,220.0,217.0,2546267,219.0
ADVANC,2023-12-14,218.0,220.0,218.0,3043059,219.0
ADVANC,2023-12-15,220.0,220.0,218.0,5918609,219.0
ADVANC,2023-12-18,218.0,220.0,218.0,1552259,220.0
ADVANC,2023-12-19,219.0,219.0,217.0,2253680,218.0
ADVANC,2023-12-20,220.0,221.0,219.0,3086644,219.0
ADVANC,2023-12-21,220.0,221.0,219.0,2524666,221.0
ADVANC,2023-12-22,221.0,222.0,220.0,3184544,220.0
ADVANC,2023-12-25,221.0,222.0,220.0,1346493,221.0
ADVANC,2023-12-26,219.0,222.0,218.0,4790696,220.0
ADVANC,2023-12-27,219.0,220.0,218.0,5367364,219.0
ADVANC,2023-12-28,217.0,219.0,216.0,6051288,219.0
ADVANC,2024-01-02,218.0,220.0,217.0,3425720,217.0
ADVANC,2024-01-03,219.0,220.0,218.0,3802023,218.0
ADVANC,2024-01-04,219.0,219.0,217.0,2937017,218.0
ADVANC,2024-01-05,214.0,219.0,213.0,9847147,218.0
ADVANC,2024-01-08,214.0,215.0,213.0,3093386,214.0
ADVANC,2024-01-09,217.0,217.0,215.0,5244806,216.0
ADVANC,2024-01-10,216.0,217.0,215.0,3886603,217.0
ADVANC,2024-01-11,217.0,218.0,216.0,3229463,217.0
ADVANC,2024-01-12,218.0,219.0,216.0,4329275,217.0
ADVANC,2024-01-15,217.0,218.0,216.0,3517531,218.0
ADVANC,2024-01-16,217.0,217.0,215.0,2600871,217.0
ADVANC,2024-01-17,213.0,216.0,213.0,4804933,216.0
ADVANC,2024-01-18,215.0,215.0,213.0,2663141,214.0
ADVANC,2024-01-19,218.0,218.0,215.0,3162869,215.0
ADVANC,2024-01-22,216.0,217.0,215.0,2477770,217.0
ADVANC,2024-01-23,215.0,216.0,214.0,3001980,215.0
ADVANC,2024-01-24,216.0,218.0,214.0,3221570,215.0
ADVANC,2024-01-25,218.0,218.0,216.0,2701004,216.0
ADVANC,2024-01-26,216.0,219.0,216.0,6717330,218.0
ADVANC,2024-01-29,218.0,218.0,217.0,2527516,217.0
ADVANC,2024-01-30,219.0,219.0,216.0,2995911,217.0
ADVANC,2024-01-31,219.0,219.0,217.0,4796549,218.0
ADVANC,2024-02-01,220.0,220.0,217.0,3232713,218.0
ADVANC,2024-02-02,221.0,221.0,219.0,2797799,220.0
ADVANC,2024-02-05,219.0,221.0,219.0,2937742,220.0
ADVANC,2024-02-06,218.0,221.0,217.0,5135590,220.0
ADVANC,2024-02-07,218.0,219.0,217.0,5230422,218.0
ADVANC,2024-02-08,214.0,219.0,214.0,6480458,219.0
ADVANC,2024-02-09,214.0,216.0,213.0,3841793,215.0
ADVANC,2024-02-12,215.0,216.0,215.0,1867845,215.0
ADVANC,2024-02-13,214.0,216.0,214.0,3550545,215.0
ADVANC,2024-02-14,213.0,214.0,212.0,4516309,214.0
ADVANC,2024-02-15,210.0,213.0,210.0,5781445,213.0
ADVANC,2024-02-16,213.0,214.0,211.0,7732430,211.0
ADVANC,2024-02-19,209.0,210.0,208.0,4825086,209.0
ADVANC,2024-02-20,207.0,210.0,207.0,4356016,210.0
ADVANC,2024-02-21,205.0,209.0,203.0,12482404,208.0
ADVANC,2024-02-22,209.0,211.0,204.0,9174980,205.0
ADVANC,2024-02-23,206.0,209.0,206.0,4198270,209.0
ADVANC,2024-02-27,205.0,208.0,205.0,3852098,207.0
ADVANC,2024-02-28,204.0,206.0,204.0,2718321,205.0
ADVANC,2024-02-29,201.0,205.0,200.0,10437012,205.0
ADVANC,2024-03-01,206.0,208.0,201.0,6044186,201.0
ADVANC,2024-03-04,208.0,209.0,206.0,4855366,206.0
ADVANC,2024-03-05,206.0,207.0,204.0,4803134,207.0
ADVANC,2024-03-06,206.0,207.0,204.0,2347487,205.0
ADVANC,2024-03-07,211.0,212.0,207.0,8102773,208.0
ADVANC,2024-03-08,211.0,212.0,211.0,2478634,211.0
ADVANC,2024-03-11,211.0,212.0,211.0,2288770,211.0
ADVANC,2024-03-12,210.0,210.0,206.0,6240387,210.0
ADVANC,2024-03-13,208.0,209.0,208.0,3358981,209.0
ADVANC,2024-03-14,209.0,210.0,208.0,3794590,209.0
ADVANC,2024-03-15,206.0,209.0,206.0,8693046,209.0
ADVANC,2024-03-18,209.0,210.0,207.0,3296574,207.0
ADVANC,2024-03-19,210.0,212.0,209.0,8111128,210.0
ADVANC,2024-03-20,208.0,211.0,208.0,4739303,210.0
ADVANC,2024-03-21,211.0,212.0,210.0,3866038,210.0
ADVANC,2024-03-22,209.0,211.0,208.0,2740959,210.0
ADVANC,2024-03-25,208.0,212.0,206.0,7484450,210.0
ADVANC,2024-03-26,205.0,207.0,204.0,5588543,207.0
ADVANC,2024-03-27,206.0,206.0,204.0,2943412,205.0
ADVANC,2024-03-28,204.0,206.0,204.0,3847170,205.0
ADVANC,2024-03-29,205.0,206.0,204.0,2498335,204.0
ADVANC,2024-04-01,205.0,207.0,204.0,3340066,205.0
ADVANC,2024-04-02,203.0,206.0,203.0,3184015,205.0
ADVANC,2024-04-03,204.0,205.0,202.0,7314385,202.0
ADVANC,2024-04-04,203.0,205.0,203.0,3740919,205.0
ADVANC,2024-04-05,204.0,205.0,203.0,2634344,203.0
ADVANC,2024-04-09,207.0,207.0,204.0,8295817,205.0
ADVANC,2024-04-10,204.0,208.0,204.0,9395718,207.0
ADVANC,2024-04-11,202.0,204.0,202.0,4780312,204.0
ADVANC,2024-04-17,199.5,202.0,198.5,8667065,202.0
ADVANC,2024-04-18,197.0,200.0,195.5,8772313,199.0
ADVANC,2024-04-19,195.5,197.0,193.0,7934269,194.0
ADVANC,2024-04-22,197.5,199.0,197.0,3591210,197.5
ADVANC,2024-04-23,198.5,199.5,196.0,3638970,198.0
ADVANC,2024-04-24,196.0,199.5,196.0,5822802,199.5
ADVANC,2024-04-25,197.5,198.0,196.5,2178959,196.5
ADVANC,2024-04-26,195.0,197.5,194.5,5171369,197.5
ADVANC,2024-04-29,197.0,198.0,196.0,4381259,196.0
ADVANC,2024-04-30,197.5,201.0,197.0,7509726,197.5
ADVANC,2024-05-02,207.0,209.0,205.0,16527105,207.0
ADVANC,2024-05-03,207.0,209.0,206.0,5685591,208.0
ADVANC,2024-05-07,209.0,211.0,209.0,7864831,209.0
ADVANC,2024-05-08,206.0,209.0,205.0,8838700,209.0
ADVANC,2024-05-09,206.0,209.0,206.0,5191155,207.0
ADVANC,2024-05-10,206.0,206.0,203.0,6484729,205.0
ADVANC,2024-05-13,205.0,206.0,204.0,4834415,205.0
ADVANC,2024-05-14,205.0,206.0,205.0,2682911,205.0
ADVANC,2024-05-15,206.0,207.0,205.0,3967727,206.0
ADVANC,2024-05-16,207.0,208.0,206.0,3808470,207.0
ADVANC,2024-05-17,208.0,209.0,206.0,2360560,207.0
ADVANC,2024-05-20,208.0,210.0,207.0,2464691,209.0
ADVANC,2024-05-21,206.0,208.0,206.0,3556169,207.0
ADVANC,2024-05-23,207.0,209.0,206.0,3571836,206.0
ADVANC,2024-05-24,207.0,208.0,206.0,1498045,207.0
ADVANC,2024-05-27,207.0,208.0,206.0,2148257,207.0
ADVANC,2024-05-28,207.0,208.0,207.0,2079195,207.0
ADVANC,2024-05-29,204.0,207.0,204.0,4860277,207.0
ADVANC,2024-05-30,205.0,206.0,203.0,2807275,203.0
ADVANC,2024-05-31,203.0,206.0,203.0,9178844,205.0
ADVANC,2024-06-04,207.0,208.0,202.0,6527462,203.0
ADVANC,2024-06-05,208.0,209.0,206.0,6492874,207.0
ADVANC,2024-06-06,208.0,210.0,208.0,5277460,209.0
ADVANC,2024-06-07,211.0,212.0,208.0,8070008,208.0
ADVANC,2024-06-10,209.0,212.0,208.0,7499048,211.0
ADVANC,2024-06-11,211.0,212.0,209.0,8578979,210.0
ADVANC,2024-06-12,210.0,212.0,209.0,4982084,211.0
ADVANC,2024-06-13,209.0,211.0,209.0,3080520,210.0
ADVANC,2024-06-14,211.0,211.0,209.0,1943321,210.0
ADVANC,2024-06-17,209.0,212.0,208.0,6863049,212.0
ADVANC,2024-06-18,207.0,210.0,206.0,3101839,209.0
ADVANC,2024-06-19,207.0,208.0,204.0,3444953,208.0
ADVANC,2024-06-20,208.0,208.0,204.0,4735414,206.0
ADVANC,2024-06-21,208.0,209.0,207.0,4355649,208.0
ADVANC,2024-06-24,207.0,209.0,207.0,2405237,208.0
ADVANC,2024-06-25,210.0,210.0,207.0,1966832,208.0
ADVANC,2024-06-26,211.0,212.0,210.0,3963275,210.0
ADVANC,2024-06-27,211.0,212.0,210.0,2202197,210.0
ADVANC,2024-06-28,209.0,212.0,208.0,7015935,212.0
ADVANC,2024-07-01,211.0,211.0,208.0,2184040,209.0
ADVANC,2024-07-02,210.0,212.0,209.0,3833262,210.0
ADVANC,2024-07-03,211.0,211.0,210.0,1807533,211.0
ADVANC,2024-07-04,210.0,211.0,208.0,3026349,210.0
ADVANC,2024-07-05,210.0,211.0,209.0,1761188,210.0
ADVANC,2024-07-08,213.0,214.0,210.0,3986050,210.0
ADVANC,2024-07-09,218.0,219.0,215.0,8892541,216.0
ADVANC,2024-07-10,221.0,222.0,218.0,7628081,219.0
ADVANC,2024-07-11,222.0,224.0,219.0,6457697,220.0
ADVANC,2024-07-12,221.0,222.0,219.0,4854092,221.0
ADVANC,2024-07-15,223.0,224.0,220.0,5092426,221.0
ADVANC,2024-07-16,220.0,223.0,220.0,3926886,222.0
ADVANC,2024-07-17,224.0,228.0,223.0,21311684,224.0
ADVANC,2024-07-18,228.0,230.0,225.0,8701562,225.0
ADVANC,2024-07-19,228.0,228.0,225.0,6264252,225.0
ADVANC,2024-07-23,224.0,228.0,224.0,3528317,228.0
ADVANC,2024-07-24,222.0,225.0,222.0,4757194,223.0
ADVANC,2024-07-25,223.0,224.0,221.0,3839787,221.0
ADVANC,2024-07-26,227.0,227.0,221.0,6612970,223.0
ADVANC,2024-07-30,230.0,234.0,224.0,10385621,226.0
ADVANC,2024-07-31,234.0,235.0,230.0,6836817,231.0
ADVANC,2024-08-01,233.0,235.0,233.0,4573877,233.0
ADVANC,2024-08-02,238.0,239.0,233.0,7755498,234.0
ADVANC,2024-08-05,240.0,246.0,237.0,17944396,237.0
ADVANC,2024-08-06,238.0,242.0,235.0,7482777,241.0
ADVANC,2024-08-07,239.0,241.0,235.0,8985715,239.0
ADVANC,2024-08-08,239.0,243.0,238.0,6566423,240.0
ADVANC,2024-08-09,245.0,247.0,240.0,6539394,241.0
ADVANC,2024-08-13,245.0,245.0,242.0,2640174,244.0
ADVANC,2024-08-14,245.0,247.0,240.0,5234064,246.0
ADVANC,2024-08-15,244.0,247.0,243.0,3045639,243.0
ADVANC,2024-08-16,241.0,245.0,240.0,3981143,245.0
ADVANC,2024-08-19,241.0,241.0,237.0,4941813,238.0
ADVANC,2024-08-20,244.0,246.0,241.0,6031015,241.0
ADVANC,2024-08-21,244.0,246.0,243.0,2804097,245.0
ADVANC,2024-08-22,243.0,246.0,241.0,4965965,244.0
ADVANC,2024-08-23,247.0,247.0,242.0,6217299,243.0
ADVANC,2024-08-26,248.0,249.0,245.0,4374447,246.0
ADVANC,2024-08-27,247.0,251.0,247.0,5081606,248.0
ADVANC,2024-08-28,250.0,252.0,247.0,8053727,247.0
ADVANC,2024-08-29,246.0,251.0,245.0,7526761,250.0
ADVANC,2024-08-30,247.0,248.0,245.0,7717171,248.0
ADVANC,2024-09-02,246.0,247.0,244.0,2816707,245.0
ADVANC,2024-09-03,248.0,249.0,245.0,4370379,245.0
ADVANC,2024-09-04,248.0,249.0,246.0,3092819,247.0
ADVANC,2024-09-05,267.0,268.0,249.0,17882105,249.0
ADVANC,2024-09-06,269.0,271.0,265.0,11170683,267.0
ADVANC,2024-09-09,260.0,269.0,259.0,11222553,268.0
ADVANC,2024-09-10,259.0,263.0,257.0,8891123,258.0
ADVANC,2024-09-11,259.0,261.0,257.0,6990838,258.0
ADVANC,2024-09-12,259.0,263.0,258.0,8539014,261.0
ADVANC,2024-09-13,260.0,260.0,256.0,4692079,258.0
ADVANC,2024-09-16,256.0,260.0,256.0,4822235,260.0
ADVANC,2024-09-17,259.0,259.0,253.0,6848056,256.0
ADVANC,2024-09-18,260.0,263.0,258.0,4763653,259.0
ADVANC,2024-09-19,262.0,262.0,258.0,3368658,260.0
ADVANC,2024-09-20,259.0,263.0,259.0,5590515,262.0
ADVANC,2024-09-23,258.0,261.0,254.0,5873352,260.0
ADVANC,2024-09-24,265.0,265.0,257.0,5999512,258.0
ADVANC,2024-09-25,265.0,268.0,264.0,5386286,264.0
ADVANC,2024-09-26,264.0,264.0,259.0,6530644,263.0
ADVANC,2024-09-27,260.0,263.0,260.0,3653551,263.0
ADVANC,2024-09-30,260.0,261.0,258.0,5705501,259.0
ADVANC,2024-10-01,266.0,268.0,259.0,8092268,260.0
ADVANC,2024-10-02,265.0,267.0,262.0,5028113,265.0
ADVANC,2024-10-03,270.0,270.0,262.0,7821214,263.0
ADVANC,2024-10-04,267.0,271.0,266.0,6287475,267.0
ADVANC,2024-10-07,269.0,269.0,266.0,3297132,267.0
ADVANC,2024-10-08,268.0,270.0,265.0,7055746,268.0
ADVANC,2024-10-09,270.0,271.0,267.0,4521805,268.0
ADVANC,2024-10-10,272.0,275.0,270.0,7137563,271.0
ADVANC,2024-10-11,278.0,278.0,272.0,4397276,272.0
ADVANC,2024-10-15,280.0,281.0,276.0,7312728,277.0
ADVANC,2024-10-16,287.0,289.0,276.0,9534269,280.0
ADVANC,2024-10-17,297.0,299.0,286.0,7908487,286.0
ADVANC,2024-10-18,282.0,296.0,280.0,17356155,295.0
ADVANC,2024-10-21,284.0,285.0,280.0,7424052,280.0
ADVANC,2024-10-22,275.0,284.0,272.0,9765690,282.0
ADVANC,2024-10-24,275.0,278.0,273.0,7811169,277.0
ADVANC,2024-10-25,274.0,276.0,273.0,6202875,276.0
ADVANC,2024-10-29,266.0,274.0,265.0,11251944,271.0
ADVANC,2024-10-30,268.0,272.0,265.0,11443139,266.0
ADVANC,2024-10-31,275.0,276.0,266.0,8135349,267.0
ADVANC,2024-11-01,272.0,274.0,270.0,4673615,274.0
ADVANC,2024-11-04,272.0,275.0,269.0,4017738,274.0
ADVANC,2024-11-05,278.0,278.0,271.0,5137542,272.0
ADVANC,2024-11-06,274.0,281.0,274.0,8824781,277.0
ADVANC,2024-11-07,285.0,297.0,275.0,14829148,275.0
ADVANC,2024-11-08,283.0,288.0,280.0,4931327,286.0
ADVANC,2024-11-11,285.0,286.0,279.0,4496489,283.0
ADVANC,2024-11-12,286.0,288.0,283.0,5253145,285.0
ADVANC,2024-11-13,286.0,290.0,283.0,6739487,286.0
ADVANC,2024-11-14,285.0,287.0,279.0,13319928,285.0
ADVANC,2024-11-15,286.0,286.0,280.0,7285227,285.0
ADVANC,2024-11-18,286.0,288.0,283.0,3928954,287.0
ADVANC,2024-11-19,284.0,287.0,283.0,4260043,286.0
ADVANC,2024-11-20,282.0,286.0,282.0,4174298,285.0
ADVANC,2024-11-21,286.0,293.0,285.0,6320363,285.0
ADVANC,2024-11-22,289.0,292.0,283.0,9723558,286.0
ADVANC,2024-11-26,283.0,288.0,282.0,6185305,288.0
ADVANC,2024-11-27,281.0,284.0,280.0,4339961,282.0
ADVANC,2024-11-28,286.0,286.0,280.0,4374126,281.0
ADVANC,2024-11-29,285.0,287.0,283.0,4718137,284.0
ADVANC,2024-12-02,286.0,288.0,285.0,2949541,286.0
ADVANC,2024-12-03,296.0,299.0,288.0,10419065,288.0
ADVANC,2024-12-04,289.0,296.0,288.0,7599464,296.0
ADVANC,2024-12-06,295.0,296.0,289.0,4128906,290.0
ADVANC,2024-12-09,295.0,297.0,290.0,4254954,292.0
ADVANC,2024-12-11,289.0,295.0,289.0,6585134,291.0
ADVANC,2024-12-12,287.0,292.0,285.0,6918215,290.0
ADVANC,2024-12-12,287.0,292.0,285.0,6918215,290.0
ADVANC,2024-12-13,287.0,288.0,285.0,4638319,285.0
ADVANC,2024-12-16,286.0,286.0,283.0,3686459,285.0
ADVANC,2024-12-17,279.0,286.0,279.0,7880205,285.0
ADVANC,2024-12-20,274.0,276.0,268.0,8565300,271.0
ADVANC,2024-12-23,284.0,286.0,276.0,5402412,276.0
ADVANC,2024-12-24,284.0,286.0,283.0,3783072,284.0
ADVANC,2024-12-25,286.0,287.0,284.0,1682598,285.0
ADVANC,2024-12-26,287.0,288.0,285.0,2296353,286.0
ADVANC,2024-12-27,289.0,293.0,285.0,5171662,286.0
ADVANC,2024-12-30,287.0,292.0,287.0,3430601,289.0
ADVANC,2025-01-02,285.0,288.0,282.0,3020507,286.0
ADVANC,2025-01-03,285.0,286.0,283.0,3404511,285.0
ADVANC,2025-01-06,278.0,286.0,278.0,4813182,285.0
ADVANC,2025-01-07,281.0,284.0,279.0,5289137,279.0
ADVANC,2025-01-08,284.0,285.0,280.0,5080093,281.0
ADVANC,2025-01-09,276.0,282.0,272.0,9652927,282.0
ADVANC,2025-01-10,283.0,283.0,274.0,4634026,279.0
ADVANC,2025-01-13,282.0,284.0,280.0,3833202,280.0
ADVANC,2025-01-14,284.0,286.0,282.0,4853997,284.0
ADVANC,2025-01-15,287.0,287.0,278.0,7856821,284.0
ADVANC,2025-01-16,290.0,290.0,284.0,6276248,287.0
ADVANC,2025-01-17,284.0,291.0,284.0,7023825,289.0
ADVANC,2025-01-20,283.0,286.0,282.0,2403436,285.0
ADVANC,2025-01-21,288.0,288.0,282.0,3459070,283.0
ADVANC,2025-01-22,289.0,290.0,286.0,3978670,286.0
ADVANC,2025-01-23,283.0,288.0,283.0,5076198,287.0
ADVANC,2025-01-24,287.0,287.0,284.0,3361436,285.0
ADVANC,2025-01-27,287.0,289.0,285.0,2819393,285.0
ADVANC,2025-01-28,288.0,292.0,286.0,5882544,289.0
ADVANC,2025-01-28,288.0,292.0,286.0,5882544,289.0
ADVANC,2025-01-29,285.0,290.0,284.0,5320251,288.0
ADVANC,2025-01-30,286.0,288.0,284.0,2157873,284.0
ADVANC,2025-01-31,284.0,288.0,280.0,4728032,286.0
ADVANC,2025-02-03,279.0,281.0,275.0,5343397,279.0
ADVANC,2025-02-04,279.0,283.0,279.0,4491452,281.0
ADVANC,2025-02-05,281.0,285.0,280.0,5959496,282.0
ADVANC,2025-02-06,275.0,283.0,275.0,4741623,282.0
ADVANC,2025-02-07,280.0,280.0,272.0,10417692,277.0
ADVANC,2025-02-10,283.0,285.0,280.0,9868482,281.0
ADVANC,2025-02-11,284.0,285.0,280.0,11075069,284.0
ADVANC,2025-02-13,304.0,307.0,286.0,28404241,287.0
ADVANC,2025-02-14,299.0,304.0,295.0,9538567,303.0
ADVANC,2025-02-17,296.0,305.0,295.0,7982085,305.0
ADVANC,2025-02-18,294.0,297.0,291.0,8013780,296.0
ADVANC,2025-02-19,295.0,298.0,292.0,8967153,295.0
ADVANC,2025-02-20,283.0,289.0,283.0,10155861,288.0
ADVANC,2025-02-21,286.0,289.0,280.0,8135642,282.0
ADVANC,2025-02-24,286.0,287.0,281.0,6044994,286.0
ADVANC,2025-02-25,277.0,285.0,275.0,9556142,284.0
ADVANC,2025-02-26,285.0,288.0,277.0,8233126,278.0
ADVANC,2025-02-27,281.0,286.0,277.0,10753800,285.0
ADVANC,2025-02-28,276.0,278.0,273.0,15113754,277.0
ADVANC,2025-03-03,271.0,280.0,270.0,8306964,278.0
ADVANC,2025-03-04,268.0,272.0,266.0,9763221,270.0
ADVANC,2025-03-05,272.0,277.0,268.0,8880780,270.0
ADVANC,2025-03-06,274.0,275.0,270.0,7852355,273.0
ADVANC,2025-03-07,274.0,276.0,271.0,6831469,274.0
ADVANC,2025-03-10,268.0,273.0,268.0,3707797,272.0
ADVANC,2025-03-11,270.0,273.0,264.0,8036856,267.0
ADVANC,2025-03-12,265.0,273.0,265.0,7321400,271.0
ADVANC,2025-03-13,269.0,271.0,267.0,3269238,267.0
ADVANC,2025-03-14,267.0,271.0,267.0,3705980,269.0
ADVANC,2025-03-17,259.0,269.0,259.0,8335369,268.0
ADVANC,2025-03-18,263.0,267.0,260.0,6372513,263.0
ADVANC,2025-03-19,266.0,268.0,262.0,6288250,264.0
ADVANC,2025-03-20,266.0,271.0,265.0,7069242,269.0
ADVANC,2025-03-21,268.0,268.0,261.0,10849375,266.0
ADVANC,2025-03-24,274.0,275.0,266.0,4041278,267.0
ADVANC,2025-03-25,275.0,275.0,271.0,5287539,273.0
ADVANC,2025-03-26,272.0,278.0,272.0,3713191,276.0
ADVANC,2025-03-27,275.0,276.0,272.0,1951417,272.0
ADVANC,2025-03-28,273.0,275.0,272.0,1420615,274.0
ADVANC,2025-03-31,275.0,275.0,270.0,4556779,270.0
ADVANC,2025-04-01,281.0,281.0,276.0,4858317,276.0
ADVANC,2025-04-02,277.0,282.0,277.0,3485901,282.0
ADVANC,2025-04-03,278.0,280.0,276.0,3762362,277.0
ADVANC,2025-04-04,272.0,278.0,270.0,4826861,277.0
ADVANC,2025-04-08,271.0,272.0,264.0,10798909,270.0
ADVANC,2025-04-09,270.0,275.0,269.0,7475600,273.0
ADVANC,2025-04-10,280.0,280.0,273.0,6485368,275.0
ADVANC,2025-04-11,284.0,285.0,278.0,5063091,281.0
ADVANC,2025-04-16,284.0,285.0,281.0,6202637,285.0
ADVANC,2025-04-17,280.0,284.0,279.0,2479408,284.0
ADVANC,2025-04-18,282.0,283.0,278.0,2270431,280.0
ADVANC,2025-04-21,281.0,283.0,279.0,1853523,282.0
ADVANC,2025-04-22,281.0,283.0,279.0,6552315,280.0
ADVANC,2025-04-23,283.0,285.0,281.0,4083412,284.0
ADVANC,2025-04-24,280.0,283.0,279.0,3775934,283.0
ADVANC,2025-04-25,277.0,282.0,276.0,3990912,281.0
ADVANC,2025-04-28,278.0,279.0,276.0,3061256,276.0
ADVANC,2025-04-29,284.0,284.0,278.0,4234100,279.0
ADVANC,2025-04-30,295.0,295.0,283.0,11716275,285.0
ADVANC,2025-05-02,295.0,300.0,292.0,5345647,300.0
ADVANC,2025-05-06,297.0,302.0,294.0,7675991,297.0
ADVANC,2025-05-07,304.0,309.0,300.0,13645625,305.0
ADVANC,2025-05-08,305.0,309.0,301.0,10334710,305.0
ADVANC,2025-05-09,303.0,309.0,300.0,7575034,306.0
ADVANC,2025-05-13,303.0,307.0,299.0,12405164,306.0
ADVANC,2025-05-14,302.0,303.0,298.0,9679822,301.0
ADVANC,2025-05-15,296.0,302.0,294.0,7335961,302.0
ADVANC,2025-05-16,289.0,297.0,286.0,12031025,297.0
ADVANC,2025-05-19,294.0,296.0,291.0,4422869,292.0
ADVANC,2025-05-20,294.0,299.0,293.0,5310828,295.0
ADVANC,2025-05-21,297.0,297.0,291.0,5938089,297.0
ADVANC,2025-05-22,297.0,298.0,294.0,4691821,296.0
ADVANC,2025-05-23,293.0,297.0,292.0,2794260,297.0
ADVANC,2025-05-26,294.0,295.0,291.0,1942802,294.0
ADVANC,2025-05-27,292.0,294.0,290.0,3390212,294.0
ADVANC,2025-05-28,288.0,294.0,287.0,5502671,292.0
ADVANC,2025-05-29,287.0,291.0,285.0,5970779,291.0
ADVANC,2025-05-30,286.0,291.0,284.0,28116956,287.0
ADVANC,2025-06-04,293.0,294.0,283.0,9944343,285.0
ADVANC,2025-06-05,293.0,295.0,291.0,4254596,295.0
ADVANC,2025-06-06,290.0,295.0,289.0,3482912,293.0
ADVANC,2025-06-09,289.0,292.0,288.0,2892476,291.0
ADVANC,2025-06-10,288.0,291.0,287.0,2264709,288.0
ADVANC,2025-06-11,292.0,293.0,288.0,3823097,288.0
ADVANC,2025-06-12,286.0,291.0,285.0,4364065,291.0
ADVANC,2025-06-13,284.0,286.0,282.0,3141052,284.0
ADVANC,2025-06-16,282.0,286.0,282.0,5022074,283.0
ADVANC,2025-06-17,282.0,285.0,280.0,6397813,284.0
ADVANC,2025-06-18,278.0,282.0,277.0,6287745,281.0
ADVANC,2025-06-19,269.0,277.0,267.0,10366914,275.0
ADVANC,2025-06-20,269.0,275.0,267.0,9469690,275.0
ADVANC,2025-06-23,274.0,276.0,267.0,8186437,267.0
ADVANC,2025-06-24,278.0,279.0,274.0,10750836,277.0
ADVANC,2025-06-25,279.0,280.0,276.0,7155526,276.0
ADVANC,2025-06-26,282.0,283.0,279.0,7505955,280.0
ADVANC,2025-06-27,270.0,281.0,269.0,12256608,280.0
ADVANC,2025-06-30,278.0,280.0,274.0,14999408,277.0
ADVANC,2025-07-01,283.0,284.0,275.0,8895792,279.0
ADVANC,2025-07-02,281.0,286.0,278.0,7907611,284.0
ADVANC,2025-07-03,280.0,282.0,278.0,5226380,281.0
ADVANC,2025-07-04,279.0,281.0,277.0,3053998,281.0
ADVANC,2025-07-07,287.0,287.0,280.0,6431727,281.0
ADVANC,2025-07-08,284.0,288.0,284.0,4606868,287.0
ADVANC,2025-07-09,284.0,285.0,282.0,5073731,284.0
ADVANC,2025-07-11,286.0,288.0,284.0,3316397,285.0
ADVANC,2025-07-14,288.0,290.0,286.0,4416248,287.0
ADVANC,2025-07-15,291.0,292.0,287.0,3438988,288.0
ADVANC,2025-07-16,289.0,291.0,288.0,3226404,290.0
ADVANC,2025-07-17,292.0,293.0,289.0,6118848,291.0
ADVANC,2025-07-18,294.0,296.0,292.0,4408255,292.0
ADVANC,2025-07-21,293.0,295.0,291.0,2740558,294.0
ADVANC,2025-07-22,292.0,296.0,291.0,4559451,294.0
ADVANC,2025-07-23,297.0,298.0,294.0,3005023,294.0
ADVANC,2025-07-24,294.0,297.0,294.0,2992314,295.0
ADVANC,2025-07-25,293.0,297.0,291.0,5408680,294.0
ADVANC,2025-07-29,292.0,295.0,288.0,5607932,294.0
ADVANC,2025-07-30,288.0,293.0,287.0,5393663,291.0
ADVANC,2025-07-31,291.0,291.0,285.0,6142990,285.0
ADVANC,2025-08-01,288.0,292.0,287.0,3928847,292.0
ADVANC,2025-08-04,290.0,290.0,287.0,3667159,289.0
ADVANC,2025-08-05,295.0,296.0,289.0,8275644,291.0
ADVANC,2025-08-06,296.0,297.0,293.0,3376160,297.0
ADVANC,2025-08-07,298.0,305.0,297.0,9722267,303.0
ADVANC,2025-08-08,297.0,302.0,295.0,7287341,301.0
ADVANC,2025-08-13,301.0,302.0,298.0,5598398,299.0
ADVANC,2025-08-14,300.0,303.0,299.0,3344716,302.0
ADVANC,2025-08-15,298.0,301.0,298.0,3503683,300.0
ADVANC,2025-08-18,294.0,299.0,294.0,5186354,299.0
ADVANC,2025-08-19,290.0,291.0,286.0,8794023,287.0
ADVANC,2025-08-20,292.0,293.0,288.0,3453297,290.0
ADVANC,2025-08-21,291.0,293.0,290.0,3220767,293.0
ADVANC,2025-08-22,291.0,294.0,291.0,2320600,292.0
ADVANC,2025-08-25,291.0,296.0,290.0,4503270,293.0
ADVANC,2025-08-26,298.0,304.0,291.0,14607344,291.0
ADVANC,2025-08-27,299.0,300.0,297.0,3660371,298.0
ADVANC,2025-08-28,299.0,301.0,297.0,5009625,299.0
ADVANC,2025-08-29,294.0,299.0,292.0,8883205,298.0
ADVANC,2025-09-01,299.0,299.0,292.0,4585841,294.0
ADVANC,2025-09-02,300.0,300.0,297.0,3293589,299.0
ADVANC,2025-09-03,298.0,302.0,296.0,5272609,300.0
ADVANC,2025-09-04,292.0,298.0,292.0,5352871,298.0
ADVANC,2025-09-05,293.0,294.0,290.0,6023105,292.0
ADVANC,2025-09-08,290.0,295.0,290.0,4454080,294.0
ADVANC,2025-09-09,290.0,293.0,290.0,4024450,291.0
ADVANC,2025-09-10,290.0,292.0,288.0,5144629,290.0
ADVANC,2025-09-11,293.0,293.0,290.0,4257292,291.0
ADVANC,2025-09-12,292.0,294.0,290.0,5966215,293.0
ADVANC,2025-09-15,295.0,295.0,290.0,3248405,292.0
ADVANC,2025-09-16,293.0,297.0,292.0,4136310,296.0
ADVANC,2025-09-17,297.0,298.0,292.0,5349168,293.0
ADVANC,2025-09-18,293.0,297.0,292.0,4823633,296.0
ADVANC,2025-09-19,294.0,295.0,292.0,5816191,293.0
ADVANC,2025-09-22,292.0,294.0,291.0,2389598,294.0
ADVANC,2025-09-23,288.0,292.0,288.0,5405509,292.0
ADVANC,2025-09-24,292.0,295.0,288.0,7585491,288.0
ADVANC,2025-09-25,291.0,294.0,291.0,4331248,293.0
ADVANC,2025-09-26,290.0,293.0,290.0,4061040,290.0
ADVANC,2025-09-29,293.0,295.0,291.0,4331082,291.0
ADVANC,2025-09-30,291.0,294.0,290.0,6902339,294.0
ADVANC,2025-10-01,292.0,295.0,290.0,5257889,291.0
ADVANC,2025-10-02,292.0,295.0,292.0,5270026,293.0
ADVANC,2025-10-03,291.0,293.0,291.0,2464323,292.0
ADVANC,2025-10-06,291.0,294.0,291.0,3009813,293.0
ADVANC,2025-10-07,292.0,294.0,291.0,4729095,293.0
ADVANC,2025-10-08,292.0,293.0,291.0,3115162,292.0
ADVANC,2025-10-09,298.0,298.0,292.0,6083500,292.0
ADVANC,2025-10-10,295.0,299.0,295.0,4810279,298.0
ADVANC,2025-10-14,296.0,299.0,294.0,5204541,295.0
ADVANC,2025-10-15,298.0,298.0,296.0,6045160,297.0
ADVANC,2025-10-16,297.0,300.0,296.0,2885469,299.0
ADVANC,2025-10-17,297.0,298.0,295.0,2150179,296.0
ADVANC,2025-10-20,299.0,300.0,297.0,2703933,298.0
ADVANC,2025-10-21,299.0,300.0,298.0,3472346,299.0
ADVANC,2025-10-22,303.0,306.0,297.0,7879331,299.0
ADVANC,2025-10-24,308.0,313.0,303.0,8739734,304.0
ADVANC,2025-10-27,310.0,316.0,309.0,8383509,311.0
ADVANC,2025-10-29,308.0,310.0,304.0,4922572,305.0
ADVANC,2025-10-30,305.0,307.0,303.0,5452052,305.0
ADVANC,2025-10-31,302.0,305.0,301.0,5193732,305.0
ADVANC,2025-11-03,302.0,306.0,300.0,5143123,304.0
ADVANC,2025-11-04,303.0,305.0,298.0,11396515,301.0
ADVANC,2025-11-05,313.0,315.0,301.0,10904588,302.0
ADVANC,2025-11-06,314.0,320.0,313.0,7906539,314.0
ADVANC,2025-11-07,315.0,317.0,312.0,3581575,313.0
ADVANC,2025-11-10,316.0,319.0,312.0,5559408,316.0
ADVANC,2025-11-11,316.0,319.0,315.0,4454825,316.0
ADVANC,2025-11-12,315.0,319.0,314.0,6638188,318.0
ADVANC,2025-11-13,317.0,318.0,315.0,3187501,317.0
ADVANC,2025-11-14,309.0,316.0,308.0,7423388,315.0
ADVANC,2025-11-17,314.0,314.0,309.0,3850944,310.0
ADVANC,2025-11-18,316.0,319.0,312.0,4934419,313.0
ADVANC,2025-11-19,313.0,317.0,312.0,5092965,316.0
ADVANC,2025-11-20,315.0,317.0,313.0,4227229,314.0
ADVANC,2025-11-21,312.0,315.0,310.0,4349536,314.0
ADVANC,2025-11-24,311.0,314.0,310.0,8390239,313.0
ADVANC,2025-11-25,315.0,315.0,311.0,3883386,312.0
ADVANC,2025-11-26,309.0,315.0,308.0,4662013,315.0
ADVANC,2025-11-27,304.0,309.0,303.0,5962362,309.0
ADVANC,2025-11-28,307.0,309.0,305.0,4591736,307.0
ADVANC,2025-12-01,313.0,313.0,306.0,4912192,306.0
ADVANC,2025-12-02,312.0,313.0,309.0,4180744,313.0
ADVANC,2025-12-03,308.0,313.0,308.0,2859138,312.0
ADVANC,2025-12-04,306.0,310.0,305.0,4843270,308.0
ADVANC,2025-12-08,305.0,309.0,304.0,4097064,307.0
ADVANC,2025-12-09,310.0,310.0,304.0,3652003,305.0
ADVANC,2025-12-11,310.0,311.0,307.0,3878596,311.0
ADVANC,2025-12-12,305.0,309.0,304.0,5305347,308.0
ADVANC,2025-12-16,310.0,314.0,309.0,3153685,310.0
ADVANC,2025-12-17,310.0,312.0,309.0,3263161,310.0
ADVANC,2025-12-18,310.0,314.0,309.0,3739508,312.0
ADVANC,2025-12-19,309.0,312.0,309.0,4030599,311.0
ADVANC,2025-12-22,313.0,313.0,309.0,2870811,310.0
ADVANC,2025-12-23,314.0,314.0,311.0,2930647,313.0
ADVANC,2025-12-24,314.0,318.0,312.0,3549086,315.0
ADVANC,2025-12-25,314.0,314.0,312.0,996535,314.0
ADVANC,2025-12-26,314.0,314.0,311.0,1182128,312.0
ADVANC,2025-12-29,312.0,314.0,310.0,3099569,313.0
ADVANC,2025-12-30,313.0,314.0,312.0,2728764,312.0
ADVANC,2026-01-05,321.0,325.0,315.0,8242575,315.0
ADVANC,2026-01-06,321.0,326.0,318.0,6545369,322.0
ADVANC,2026-01-07,320.0,322.0,317.0,4614655,320.0
ADVANC,2026-01-08,322.0,322.0,316.0,3193738,317.0
ADVANC,2026-01-09,320.0,323.0,319.0,2677592,321.0
ADVANC,2026-01-12,327.0,329.0,320.0,5346996,321.0
ADVANC,2026-01-13,332.0,332.0,326.0,5561181,328.0
ADVANC,2026-01-14,338.0,342.0,334.0,6903043,335.0
ADVANC,2026-01-15,339.0,343.0,335.0,6193688,335.0
ADVANC,2026-01-16,342.0,342.0,335.0,8108070,335.0
ADVANC,2026-01-19,340.0,343.0,339.0,3214729,343.0
ADVANC,2026-01-20,342.0,346.0,339.0,4772651,340.0
ADVANC,2026-01-21,349.0,354.0,347.0,5553794,348.0
ADVANC,2026-01-22,343.0,350.0,341.0,7530054,348.0
ADVANC,2026-01-23,351.0,352.0,343.0,8560177,343.0
ADVANC,2026-01-26,347.0,349.0,344.0,3931416,347.0
ADVANC,2026-01-27,351.0,354.0,347.0,7852667,349.0
ADVANC,2026-01-28,352.0,353.0,348.0,3593192,350.0
ADVANC,2026-01-29,348.0,351.0,346.0,5629686,351.0
ADVANC,2026-01-30,349.0,351.0,345.0,7618698,346.0
ADVANC,2026-02-02,359.0,359.0,352.0,7549008,353.0
ADVANC,2026-02-03,361.0,369.0,357.0,13373856,364.0
ADVANC,2026-02-04,374.0,381.0,370.0,13641121,376.0
ADVANC,2026-02-05,367.0,383.0,363.0,18636115,375.0
ADVANC,2026-02-06,365.0,373.0,363.0,10824649,365.0
ADVANC,2026-02-09,374.0,375.0,366.0,10450655,370.0
ADVANC,2026-02-10,391.0,391.0,375.0,13121482,377.0
ADVANC,2026-02-11,385.0,389.0,382.0,9282007,387.0
ADVANC,2026-02-12,395.0,396.0,386.0,12051253,387.0
ADVANC,2026-02-13,389.0,396.0,388.0,5265814,392.0
ADVANC,2026-02-16,390.0,393.0,388.0,2302439,392.0
ADVANC,2026-02-17,391.0,394.0,388.0,3672218,390.0
ADVANC,2026-02-18,389.0,391.0,386.0,4733836,391.0
ADVANC,2026-02-19,390.0,392.0,387.0,8268967,389.0
ADVANC,2026-02-20,386.0,393.0,385.0,8767140,390.0
ADVANC,2026-02-23,388.0,391.0,387.0,6672230,388.0
ADVANC,2026-02-24,394.0,395.0,387.0,8262997,389.0
ADVANC,2026-02-25,404.0,410.0,402.0,8920869,402.0
ADVANC,2026-02-26,404.0,404.0,396.0,10991131,404.0
ADVANC,2026-02-27,380.0,385.0,377.0,16224486,379.0
ADVANC,2026-03-02,365.0,378.0,365.0,12701682,377.0
ADVANC,2026-03-04,360.0,362.0,344.0,17803917,344.0
ADVANC,2026-03-05,360.0,367.0,352.0,9831591,365.0
ADVANC,2026-03-06,361.0,365.0,357.0,6546573,359.0
ADVANC,2026-03-09,356.0,357.0,342.0,11738095,348.0
ADVANC,2026-03-10,365.0,367.0,358.0,6769905,363.0
ADVANC,2026-03-11,360.0,368.0,360.0,5983947,367.0
ADVANC,2026-03-12,368.0,368.0,357.0,4860796,357.0
ADVANC,2026-03-13,363.0,367.0,360.0,6528781,366.0
ADVANC,2026-03-16,370.0,373.0,363.0,7363602,365.0
ADVANC,2026-03-17,379.0,381.0,372.0,8755410,374.0
ADVANC,2026-03-18,379.0,385.0,379.0,5560241,382.0
ADVANC,2026-03-19,376.0,382.0,375.0,6353049,377.0
ADVANC,2026-03-20,380.0,383.0,375.0,8651468,380.0
ADVANC,2026-03-23,366.0,375.0,366.0,7435263,374.0
ADVANC,2026-03-24,368.0,372.0,367.0,5552807,372.0
ADVANC,2026-03-25,371.0,373.0,369.0,5425180,372.0
ADVANC,2026-03-26,368.0,370.0,364.0,6645935,370.0
ADVANC,2026-03-27,367.0,369.0,364.0,6218508,369.0
ADVANC,2026-03-30,370.0,370.0,365.0,4605796,366.0
ADVANC,2026-03-31,373.0,374.0,368.0,8163127,370.0
ADVANC,2026-04-01,365.0,378.0,365.0,14206549,378.0
ADVANC,2026-04-02,364.0,365.0,360.0,7992053,365.0
ADVANC,2026-04-03,365.0,368.0,363.0,3361979,365.0
ADVANC,2026-04-07,364.0,367.0,362.0,5801684,367.0
ADVANC,2026-04-08,363.0,368.0,363.0,7595157,368.0
ADVANC,2026-04-09,362.0,367.0,362.0,6079275,363.0
ADVANC,2026-04-10,363.0,364.0,361.0,1801268,364.0
ADVANC,2026-04-16,368.0,372.0,361.0,15168678,364.0
ADVANC,2026-04-17,353.0,368.0,351.0,14621112,367.0
ADVANC,2026-04-20,353.0,358.0,352.0,6694068,353.0
ADVANC,2026-04-21,351.0,354.0,350.0,5192891,353.0
ADVANC,2026-04-22,349.0,353.0,349.0,5053009,349.0
ADVANC,2026-04-23,345.0,348.0,344.0,7714880,348.0
ADVANC,2026-04-24,349.0,350.0,346.0,5035510,347.0
ADVANC,2026-04-27,348.0,351.0,348.0,3640361,350.0
ADVANC,2026-04-28,349.0,352.0,348.0,7249394,351.0
ADVANC,2026-04-29,348.0,349.0,346.0,4099285,349.0
ADVANC,2026-04-30,340.0,347.0,337.0,11202159,346.0
ADVANC,2026-05-05,340.0,342.0,336.0,12031977,340.0
ADVANC,2026-05-06,348.0,348.0,342.0,10242427,343.0
ADVANC,2026-05-07,350.0,356.0,347.0,18287336,351.0
ADVANC,2026-05-08,350.0,355.0,349.0,12612601,353.0
ADVANC,2026-05-11,350.0,352.0,347.0,6595377,350.0
ADVANC,2026-05-12,352.0,357.0,351.0,9616235,353.0
ADVANC,2026-05-13,355.0,361.0,350.0,10771746,351.0
ADVANC,2026-05-14,363.0,363.0,356.0,9311939,357.0
ADVANC,2026-05-15,365.0,365.0,360.0,4256712,361.0
ADVANC,2026-05-18,365.0,365.0,360.0,4435747,363.0
ADVANC,2026-05-19,369.0,369.0,362.0,5242264,363.0
ADVANC,2026-05-20,368.0,372.0,367.0,6208746,369.0
ADVANC,2026-05-21,358.0,370.0,358.0,8465433,370.0
ADVANC,2026-05-22,355.0,361.0,355.0,7266150,359.0
