Status,Stock,Purchase Date,Days,Qty,Price,Amount,Net,Kind,Id
Active,RCL,2023-02-02,1330,"3,000",$30.25,"$90,750.00","$90,951.00",HD,1236
Active,RCL,2022-11-22,1402,"3,000",$31.50,"$94,500.00","$94,709.31",HD,1217
Active,RCL,2022-11-11,1413,"3,000",$30.50,"$91,500.00","$91,702.67",HD,1212
Active,RCL,2022-06-29,1548,"3,000",$39.75,"$119,250.00","$119,514.13",DTD,1197
Active,RCL,2022-03-22,1647,"3,000",$50.25,"$150,750.00","$151,083.89",DTD,1151
Active,RCL,2022-02-25,1672,"1,500",$47.50,"$71,250.00","$71,407.81",DTD,1133
Active,RCL,2022-02-25,1672,"1,500",$48.00,"$72,000.00","$72,159.47",DTD,1132
Active,RCL,2022-02-25,1672,"1,500",$48.50,"$72,750.00","$72,911.13",DTD,1131
Active,RCL,2022-01-17,1711,"1,500",$44.50,"$66,750.00","$66,897.84",DTD,1100
Active,RCL,2021-12-15,1744,"3,000",$44.50,"$133,500.00","$133,795.69",HD,1077
Sold,RCL,2025-10-06,353,"3,000",$26.00,"$78,000.00","$78,172.76",HD,1351
Sold,RCL,2025-08-18,402,"3,000",$28.00,"$84,000.00","$84,186.05",HD,1339
Sold,RCL,2022-10-20,1435,"3,000",$27.75,"$83,250.00","$83,434.39",HD,1210
Sold,RCL,2022-10-12,1443,"3,000",$27.75,"$83,250.00","$83,434.39",HD,1209
Sold,RCL,2021-11-17,1772,"1,500",$43.00,"$64,500.00","$64,642.87",HD,1050
Sold,RCL,2021-11-08,1781,"1,500",$44.50,"$66,750.00","$66,897.84",HD,1042
Sold,RCL,2021-11-08,1781,900,$43.00,"$38,700.00","$38,785.72",DTD,1072