Stock,Year,Qtr,Number,Ppu,Amt,Net,Pct,X date,P date,ID
3BBIF,2026,Q2,120000,0.14,16800.0,15120.0,90.0,2026-08-17,2026-09-02,603
ADVANC,2026,Q2,400,8.69,3476.0,318.4,9.0,2026-08-19,2026-09-03,599
NER,2026,Q2,27000,0.05,1350.0,1350.0,100.0,2026-08-20,2026-09-04,601
PROSPECT,2026,Q2,20000,0.071,1420.0,1278.0,90.0,2026-06-30,2026-07-15,597
PROSPECT,2026,Q2,20000,0.0705,1410.0,1269.0,90.0,2026-08-24,2026-09-08,598
RCL,2026,Q2,24000,0.5,12000.0,12000.0,100.0,2026-08-21,2026-09-04,600
SYNEX,2026,Q2,17500,0.1,1750.0,1575.0,90.0,2026-08-19,2026-09-02,604
TFFIF,2026,Q2,25000,0.1204,3010.0,2709.0,90.0,2026-05-27,2026-06-16,595
WHART,2026,Q2,20000,0.193,3860.0,3474.0,90.0,2026-08-19,2026-09-04,602
AIMIRT,2026,Q1,900,0.205,184.5,166.05,90.0,2026-05-22,2026-06-05,590
CPNREIT,2026,Q1,55000,0.28,15400.0,13860.0,90.0,2026-05-28,2026-06-11,593
DIF,2026,Q1,45000,0.2222,9999.0,8999.1,90.0,2026-05-15,2026-06-10,591
GVREIT,2026,Q1,69000,0.1946,13427.4,13427.4,100.0,2026-05-26,2026-06-11,592
IVL,2026,Q1,7200,0.175,1260.0,1134.0,90.0,2026-05-28,2026-06-12,594
WHAIR,2026,Q1,50000,0.1434,7170.0,6453.0,90.0,2026-05-22,2026-06-18,596
WHART,2026,Q1,20000,0.1915,3830.0,3447.0,90.0,2026-05-19,2026-06-05,589
3BBIF,2025,Q4,120000,0.224123,26894.76,24205.28,90.0,2026-02-13,2026-03-04,564
AH,2025,Q4,1200,0.48,576.0,526.8,91.0,2026-03-12,2026-05-22,581
AWC,2025,Q4,9000,0.08,720.0,648.0,90.0,2026-05-06,2026-05-28,587
BCH,2025,Q4,4000,0.3,1200.0,1080.0,90.0,2026-04-29,2026-05-22,582
CPF,2025,Q4,10000,0.25,2500.0,2250.0,90.0,2026-05-05,2026-05-22,583
CPNREIT,2025,Q4,55000,0.2794,15367.0,13830.3,90.0,2026-03-11,2026-03-27,569
DIF,2025,Q4,45000,0.2222,9999.0,8999.1,90.0,2026-02-13,2026-03-09,565
GVREIT,2025,Q4,69000,0.1783,12302.7,11072.43,90.0,2026-02-26,2026-03-12,566
IVL,2025,Q4,7200,0.175,1260.0,1134.0,90.0,2026-05-05,2026-05-22,584
JMT,2025,Q4,7000,0.43,3010.0,2709.0,90.0,2026-03-02,2026-05-06,576
MCS,2025,Q4,75000,0.7,52500.0,51975.0,99.0,2026-04-20,2026-05-07,574
NER,2025,Q4,27000,0.26,7020.0,7020.0,100.0,2026-04-23,2026-05-07,573
ORI,2025,Q4,50000,0.049,2450.0,2205.0,90.0,2026-05-11,2026-05-28,588
PTG,2025,Q4,3600,0.35,1260.0,1134.0,90.0,2026-03-10,2026-05-15,580
PTT,2025,Q4,7500,1.4,10500.0,9472.5,90.0,2026-03-05,2026-04-28,572
PTTGC,2025,Q4,6000,0.5,3000.0,2700.0,90.0,2026-02-24,2026-04-24,571
RCL,2025,Q4,27000,1.5,40500.0,38340.0,95.0,2026-03-11,2026-05-15,579
SENA,2025,Q4,105000,0.138295,14520.98,13068.88,90.0,2026-05-13,2026-05-25,586
STA,2025,Q4,10000,0.5,5000.0,4500.0,90.0,2026-04-21,2026-05-08,575
SYNEX,2025,Q4,17500,0.38,6650.0,5985.0,90.0,2026-04-30,2026-05-12,577
TFFIF,2025,Q4,20000,0.1219,2438.0,2194.2,90.0,2026-02-27,2026-03-18,568
TOA,2025,Q4,1000,0.39,390.0,351.0,90.0,2026-05-06,2026-05-26,585
TVO,2025,Q4,4000,1.17,4680.0,4272.0,91.0,2026-03-13,2026-05-15,578
WHAIR,2025,Q4,50000,0.1755,8775.0,7897.5,90.0,2026-03-05,2026-03-27,570
WHART,2025,Q4,20000,0.196,3920.0,3677.6,94.0,2026-03-03,2026-03-20,567
3BBIF,2025,Q3,120000,0.137224,16466.88,14820.19,90.0,2025-11-14,2025-12-22,560
AIMIRT,2025,Q3,17500,0.205,3587.5,3228.75,90.0,2025-11-19,2025-12-04,552
CPNREIT,2025,Q3,55000,0.0691,3800.5,3420.45,90.0,2025-11-25,2025-12-11,555
DIF,2025,Q3,45000,0.2222,9999.0,8999.1,90.0,2025-11-25,2025-12-08,554
GVREIT,2025,Q3,69000,0.1825,12592.5,11333.25,90.0,2025-12-09,2025-12-24,562
IVL,2025,Q3,7200,0.175,1260.0,1134.0,90.0,2025-11-25,2025-12-11,556
JMART,2025,Q3,6800,0.13,884.0,795.6,90.0,2025-11-24,2025-12-11,557
ORI,2025,Q3,50000,0.021,1050.0,945.0,90.0,2025-11-27,2025-12-15,559
RCL,2025,Q3,27000,0.5,13500.0,12825.0,95.0,2025-11-20,2025-12-04,553
TFFIF,2025,Q3,20000,0.114,2280.0,2280.0,100.0,2025-12-08,2025-12-25,563
WHAIR,2025,Q3,50000,0.1325,6625.0,5962.5,90.0,2025-11-24,2025-12-22,561
WHART,2025,Q3,20000,0.193,3860.0,3474.0,90.0,2025-11-21,2025-12-11,558
3BBIF,2025,Q2,120000,0.15455,18546.0,16691.4,90.0,2025-08-18,2025-09-03,532
AH,2025,Q2,1200,0.31,372.0,339.6,91.0,2025-08-27,2025-09-10,539
AIMIRT,2025,Q2,17500,0.205,3587.5,3228.75,90.0,2025-08-19,2025-09-05,533
BCH,2025,Q2,4000,0.15,600.0,540.0,90.0,2025-08-28,2025-09-12,545
CPF,2025,Q2,5000,1.0,5000.0,4500.0,90.0,2025-08-29,2025-09-12,546
CPNREIT,2025,Q2,55000,0.2261,12435.5,11191.95,90.0,2025-08-26,2025-09-11,542
DIF,2025,Q2,50000,0.2222,11110.0,9999.0,90.0,2025-08-15,2025-09-09,538
GVREIT,2025,Q2,75000,0.1984,14880.0,13392.0,90.0,2025-05-28,2025-06-12,527
GVREIT,2025,Q2,69000,0.1965,13558.5,12202.65,90.0,2025-08-27,2025-09-11,543
IVL,2025,Q2,7200,0.175,1260.0,1134.0,90.0,2025-08-27,2025-09-11,544
JMT,2025,Q2,4200,0.24,1008.0,907.2,90.0,2025-08-26,2025-09-12,547
MCS,2025,Q2,81000,0.25,20250.0,19926.0,98.0,2025-08-26,2025-09-10,540
NER,2025,Q2,27000,0.05,1350.0,1350.0,100.0,2025-08-22,2025-09-05,534
PTT,2025,Q2,7500,0.9,6750.0,6075.0,90.0,2025-10-01,2025-10-17,551
RCL,2025,Q2,27000,0.5,13500.0,12825.0,95.0,2025-08-22,2025-09-05,535
SCC,2025,Q2,600,2.5,1500.0,1350.0,90.0,2025-08-13,2025-08-28,531
SYNEX,2025,Q2,17500,0.1,1750.0,1575.0,90.0,2025-08-26,2025-09-10,541
TFFIF,2025,Q2,20000,0.1176,2352.0,2352.0,100.0,2025-05-28,2025-06-16,529
TFFIF,2025,Q2,20000,0.1128,2256.0,2256.0,100.0,2025-08-28,2025-09-15,549
TOA,2025,Q2,1000,0.36,360.0,324.0,90.0,2025-08-28,2025-09-12,548
TVO,2025,Q2,8000,0.8,6400.0,5760.0,90.0,2025-08-22,2025-09-05,536
WHAIR,2025,Q2,50000,0.1325,6625.0,5962.5,90.0,2025-08-18,2025-09-15,550
WHART,2025,Q2,25000,0.1717,4292.5,3863.25,90.0,2025-08-18,2025-09-05,537
AIMIRT,2025,Q1,12500,0.215,2687.5,2418.75,90.0,2025-05-19,2025-06-06,524
CPNREIT,2025,Q1,55000,0.2505,13777.5,12399.75,90.0,2025-05-19,2025-06-04,523
DIF,2025,Q1,40000,0.2222,8888.0,7999.2,90.0,2025-05-14,2025-06-09,526
IVL,2025,Q1,7200,0.175,1260.0,1134.0,90.0,2025-05-27,2025-06-12,528
WHAIR,2025,Q1,60000,0.1325,7950.0,7155.0,90.0,2025-05-26,2025-06-25,530
WHART,2025,Q1,20000,0.1915,3830.0,3447.0,90.0,2025-05-19,2025-06-06,525
AH,2024,Q4,1200,0.48,576.0,520.8,90.0,2025-03-13,2025-05-23,518
AIMIRT,2024,Q4,12500,0.215,2687.5,2418.75,90.0,2025-02-28,2025-03-21,505
ASP,2024,Q4,30000,0.8,24000.0,2160.0,9.0,2025-03-13,2025-05-20,517
BCH,2024,Q4,4000,0.28,1120.0,1008.0,90.0,2025-05-02,2025-05-23,519
CPNREIT,2024,Q4,55000,0.0987,5428.5,4885.65,90.0,2025-02-27,2025-03-17,501
DIF,2024,Q4,35000,0.2222,7777.0,6999.3,90.0,2025-02-13,2025-03-07,499
GVREIT,2024,Q4,75000,0.205,15375.0,13837.5,90.0,2025-02-26,2025-03-12,500
IVL,2024,Q4,7200,0.175,1260.0,1134.0,90.0,2025-05-06,2025-05-23,520
JMART,2024,Q4,6800,0.23,1564.0,1407.6,90.0,2025-05-09,2025-05-29,522
JMT,2024,Q4,4200,0.28,1176.0,1058.4,90.0,2025-02-25,2025-04-30,508
KCE,2024,Q4,10000,0.6,6000.0,5540.0,92.0,2025-03-24,2025-05-09,511
MCS,2024,Q4,81000,0.5,40500.0,40500.0,100.0,2025-04-18,2025-05-07,509
NER,2024,Q4,27000,0.31,8370.0,8370.0,100.0,2025-04-24,2025-05-09,512
PTG,2024,Q4,3600,0.25,900.0,810.0,90.0,2025-03-10,2025-05-16,516
PTTGC,2024,Q4,6000,0.5,3000.0,2700.0,90.0,2025-03-03,2025-04-24,507
RCL,2024,Q4,27000,1.5,40500.0,38340.0,95.0,2025-03-12,2025-05-16,513
SCC,2024,Q4,600,2.5,1500.0,1350.0,90.0,2025-04-02,2025-04-22,506
STA,2024,Q4,10000,1.0,10000.0,9000.0,90.0,2025-04-18,2025-05-08,510
SYNEX,2024,Q4,15000,0.34,5100.0,4590.0,90.0,2025-04-30,2025-05-14,514
TFFIF,2024,Q4,20000,0.1189,2378.0,2378.0,100.0,2025-02-27,2025-03-17,502
TOA,2024,Q4,1000,0.27,270.0,243.0,90.0,2025-05-09,2025-05-23,521
TVO,2024,Q4,8000,0.93,7440.0,6696.0,90.0,2025-03-14,2025-05-16,515
WHAIR,2024,Q4,50000,0.0582,2910.0,2619.0,90.0,2025-03-03,2025-03-28,504
WHART,2024,Q4,20000,0.1358,2716.0,2444.4,90.0,2025-03-03,2025-03-19,503
AIMIRT,2024,Q3,12500,0.215,2687.5,2418.75,90.0,2024-11-25,2024-12-13,493
CPNREIT,2024,Q3,55000,0.2213,12171.5,10954.35,90.0,2024-11-26,2024-12-12,494
DIF,2024,Q3,35000,0.2222,7777.0,6999.3,90.0,2024-11-14,2024-12-06,488
GVREIT,2024,Q3,60000,0.1998,11988.0,10789.2,90.0,2024-12-11,2024-12-25,497
IVL,2024,Q3,7200,0.175,1260.0,1134.0,90.0,2024-11-25,2024-12-11,491
ORI,2024,Q3,50000,0.021,1050.0,945.0,90.0,2024-11-26,2024-12-12,496
PTG,2024,Q3,3600,0.1,360.0,324.0,90.0,2024-11-26,2024-12-12,495
RCL,2024,Q3,27000,0.5,13500.0,12150.0,90.0,2024-11-21,2024-12-06,489
TFFIF,2024,Q3,20000,0.1192,2384.0,2384.0,100.0,2024-12-12,2024-12-27,498
WHAIR,2024,Q3,50000,0.2229,11145.0,10030.5,90.0,2024-11-21,2024-12-17,490
WHART,2024,Q3,20000,0.193,3860.0,3474.0,90.0,2024-11-25,2024-12-13,492
AH,2024,Q2,1200,0.3,360.0,328.8,91.0,2024-08-27,2024-09-11,476
AIMIRT,2024,Q2,12500,0.1433,1791.25,1612.12,90.0,2024-08-26,2024-09-12,479
ASP,2024,Q2,30000,0.07,2100.0,1890.0,90.0,2024-08-27,2024-09-12,480
BCH,2024,Q2,4000,0.12,480.0,432.0,90.0,2024-08-29,2024-09-12,481
CPNREIT,2024,Q2,60000,0.0399,2394.0,2154.6,90.0,2024-08-26,2024-09-11,477
DIF,2024,Q2,30000,0.2222,6666.0,5999.4,90.0,2024-08-13,2024-09-05,468
GVREIT,2024,Q2,66000,0.1963,12955.8,11660.22,90.0,2024-08-28,2024-09-12,482
IVL,2024,Q2,8000,0.175,1400.0,1260.0,90.0,2024-08-27,2024-09-12,483
JMART,2024,Q2,6800,0.24,1632.0,1468.8,90.0,2024-09-30,2024-10-11,487
JMT,2024,Q2,7500,0.38,2850.0,2565.0,90.0,2024-08-22,2024-09-05,469
KCE,2024,Q2,10000,0.6,6000.0,5520.0,92.0,2024-08-26,2024-09-11,478
MCS,2024,Q2,78000,0.2,15600.0,15600.0,100.0,2024-08-23,2024-09-10,474
NER,2024,Q2,27000,0.05,1350.0,1350.0,100.0,2024-08-23,2024-09-06,470
RCL,2024,Q2,27000,0.5,13500.0,12150.0,90.0,2024-08-22,2024-09-06,471
SCC,2024,Q2,600,2.5,1500.0,1350.0,90.0,2024-08-07,2024-08-23,467
SYNEX,2024,Q2,15000,0.1,1500.0,1350.0,90.0,2024-08-27,2024-09-10,475
TFFIF,2024,Q2,20000,0.1102,2204.0,2204.0,100.0,2024-08-28,2024-09-13,484
TMT,2024,Q2,36000,0.05,1800.0,1620.0,90.0,2024-08-22,2024-09-06,472
TOA,2024,Q2,1000,0.33,330.0,297.0,90.0,2024-08-28,2024-09-13,485
WHAIR,2024,Q2,50000,0.1372,6860.0,6174.0,90.0,2024-08-23,2024-09-24,486
WHART,2024,Q2,30000,0.193,5790.0,5211.0,90.0,2024-08-20,2024-09-06,473
AIMIRT,2024,Q1,10000,0.2867,2867.0,2580.3,90.0,2024-05-28,2024-06-13,463
DIF,2024,Q1,30000,0.2222,6666.0,5999.4,90.0,2024-05-14,2024-06-07,460
GVREIT,2024,Q1,66000,0.1915,12639.0,11375.1,90.0,2024-05-28,2024-06-13,464
IVL,2024,Q1,7200,0.175,1260.0,1134.0,90.0,2024-05-24,2024-06-12,462
TFFIF,2024,Q1,20000,0.1099,2198.0,2198.0,100.0,2024-05-28,2024-06-14,465
WHAIR,2024,Q1,50000,0.1372,6860.0,6174.0,90.0,2024-05-24,2024-06-24,466
WHART,2024,Q1,20000,0.1915,3830.0,3447.0,90.0,2024-05-21,2024-06-07,461
AH,2023,Q4,1200,0.95,1140.0,1026.0,90.0,2024-03-14,2024-05-24,458
AIMIRT,2023,Q4,10000,0.215,2150.0,1935.0,90.0,2024-03-11,2024-03-28,437
ASK,2023,Q4,4500,1.16,5220.0,4698.0,90.0,2024-02-29,2024-04-30,441
ASP,2023,Q4,30000,0.1,3000.0,2700.0,90.0,2024-03-07,2024-05-17,449
AWC,2023,Q4,9000,0.05,450.0,405.0,90.0,2024-05-09,2024-05-24,456
BCH,2023,Q4,4000,0.25,1000.0,900.0,90.0,2024-05-09,2024-05-23,453
CPNREIT,2023,Q4,60000,0.257,15420.0,13878.0,90.0,2024-02-28,2024-03-15,433
CPNREIT,2023,Q4,60000,0.3618,21708.0,19537.2,90.0,2024-04-30,2024-05-17,452
DIF,2023,Q4,30000,0.2264,6792.0,6112.8,90.0,2024-02-08,2024-03-04,432
GVREIT,2023,Q4,66000,0.2044,13490.4,12141.36,90.0,2024-02-27,2024-03-13,434
IVL,2023,Q4,7200,0.175,1260.0,1134.0,90.0,2024-05-03,2024-05-23,454
JMT,2023,Q4,4200,0.49,2058.0,1852.2,90.0,2024-04-11,2024-05-03,444
KCE,2023,Q4,10000,0.7,7000.0,6300.0,90.0,2024-03-25,2024-05-10,448
MCS,2023,Q4,78000,0.32,24960.0,24960.0,100.0,2024-03-14,2024-05-02,443
NER,2023,Q4,27000,0.29,7830.0,7830.0,100.0,2024-04-22,2024-05-09,447
ORI,2023,Q4,45000,0.3,13500.0,12150.0,90.0,2024-05-08,2024-05-23,455
PTG,2023,Q4,3600,0.35,1260.0,1134.0,90.0,2024-03-06,2024-05-17,451
PTTGC,2023,Q4,6000,0.75,4500.0,4050.0,90.0,2024-02-23,2024-04-24,440
RCL,2023,Q4,27000,0.5,13500.0,13500.0,100.0,2024-03-13,2024-05-17,450
SCC,2023,Q4,600,3.5,2100.0,1890.0,90.0,2024-04-04,2024-04-23,439
SENA,2023,Q4,105000,0.2342,24591.0,22190.24,90.0,2024-05-10,2024-05-24,457
STA,2023,Q4,5000,1.0,5000.0,4500.0,90.0,2024-04-19,2024-05-08,445
SYNEX,2023,Q4,15000,0.26,3900.0,3510.0,90.0,2024-03-19,2024-05-08,446
TFFIF,2023,Q4,20000,0.1039,2078.0,2078.0,100.0,2024-03-06,2024-03-20,435
TMT,2023,Q4,36000,0.15,5400.0,4860.0,90.0,2024-04-09,2024-04-30,442
TOA,2023,Q4,1000,0.35,350.0,315.0,90.0,2024-05-08,2024-05-28,459
WHAIR,2023,Q4,50000,0.1369,6845.0,6160.5,90.0,2024-03-04,2024-03-29,438
WHART,2023,Q4,20000,0.13,2600.0,2340.0,90.0,2024-03-05,2024-03-22,436
AIMIRT,2023,Q3,10000,0.223,2230.0,2007.0,90.0,2023-10-24,2023-12-13,427
CPNREIT,2023,Q3,60000,0.257,15420.0,13878.0,90.0,2023-11-21,2023-12-07,425
DIF,2023,Q3,30000,0.2264,6792.0,6112.8,90.0,2023-11-14,2023-12-08,424
GVREIT,2023,Q3,60000,0.1911,11466.0,10319.4,90.0,2023-12-12,2023-12-25,430
IVL,2023,Q3,7200,0.25,1800.0,1620.0,90.0,2023-10-29,2023-12-14,428
TFFIF,2023,Q3,22500,0.1057,2378.25,2378.25,100.0,2023-12-12,2023-12-28,431
WHAIR,2023,Q3,50000,0.1369,6845.0,6160.5,90.0,2023-11-24,2023-12-20,429
WHART,2023,Q3,20000,0.259,5180.0,4662.0,90.0,2023-11-24,2023-12-12,426
3BBIF,2023,Q2,130000,0.23,29900.0,29900.0,100.0,2023-08-21,2023-09-06,405
AH,2023,Q2,1200,0.7,840.0,772.8,92.0,2023-08-29,2023-09-11,416
AIMIRT,2023,Q2,10000,0.223,2230.0,2007.0,90.0,2023-08-23,2023-09-06,406
ASP,2023,Q2,30000,0.08,2400.0,2160.0,90.0,2023-08-28,2023-09-12,417
BCH,2023,Q2,15000,0.1,1500.0,1350.0,90.0,2023-08-31,2023-09-14,421
CPNREIT,2023,Q2,60000,0.29,17400.0,15660.0,90.0,2023-08-23,2023-09-08,411
DIF,2023,Q2,30000,0.237,7110.0,6399.0,90.0,2023-08-15,2023-09-07,409
GVREIT,2023,Q2,42000,0.2015,8463.0,7616.7,90.0,2023-08-28,2023-09-14,420
IVL,2023,Q2,7200,0.25,1800.0,1620.0,90.0,2023-08-28,2023-09-13,418
JMT,2023,Q2,4200,0.34,1428.0,1285.2,90.0,2023-08-24,2023-09-08,412
KCE,2023,Q2,10000,0.6,6000.0,5520.0,92.0,2023-08-21,2023-09-07,410
NER,2023,Q2,27000,0.05,1350.0,1350.0,100.0,2023-08-25,2023-09-08,415
ORI,2023,Q2,45000,0.16,7200.0,6480.0,90.0,2023-08-28,2023-09-13,419
RCL,2023,Q2,27000,0.25,6750.0,6750.0,100.0,2023-08-24,2023-09-08,413
SCC,2023,Q2,600,2.5,1500.0,1350.0,90.0,2023-08-09,2023-08-24,404
SYNEX,2023,Q2,15000,0.1,1500.0,1350.0,90.0,2023-08-25,2023-09-06,407
TFFIF,2023,Q2,20000,0.1009,2018.0,2018.0,100.0,2023-09-01,2023-09-19,423
TMT,2023,Q2,36000,0.15,5400.0,4860.0,90.0,2023-08-24,2023-09-08,414
WHAIR,2023,Q2,50000,0.1369,6845.0,6160.5,90.0,2023-08-18,2023-09-19,422
WHART,2023,Q2,30000,0.193,5790.0,5211.0,90.0,2023-08-21,2023-09-07,408
3BBIF,2023,Q1,130000,0.23,29900.0,29900.0,100.0,2023-05-19,2023-06-07,397
CPNREIT,2023,Q1,60000,0.247,14820.0,13338.0,90.0,2023-05-23,2023-06-08,398
DIF,2023,Q1,30000,0.245,7350.0,6615.0,90.0,2023-05-16,2023-06-07,396
GVREIT,2023,Q1,30000,0.195,5850.0,5265.0,90.0,2023-05-26,2023-06-12,400
IVL,2023,Q1,7200,0.25,1800.0,1620.0,90.0,2023-05-26,2023-06-14,401
TFFIF,2023,Q1,20000,0.1032,2064.0,2064.0,100.0,2023-05-31,2023-06-19,402
WHAIR,2023,Q1,50000,0.1369,6845.0,6160.5,90.0,2023-05-22,2023-06-22,403
WHART,2023,Q1,30000,0.1915,5745.0,5170.5,90.0,2023-05-23,2023-06-09,399
3BBIF,2022,Q4,130000,0.23,29900.0,29900.0,100.0,2023-03-02,2023-03-20,373
ASK,2022,Q4,4500,1.44,6480.0,5832.0,90.0,2023-02-28,2023-04-27,379
ASP,2022,Q4,30000,0.13,3900.0,3510.0,90.0,2023-03-08,2023-05-17,389
BANPU,2022,Q4,30000,0.75,22500.0,20250.0,90.0,2023-04-10,2023-04-28,380
BCH,2022,Q4,15000,0.4,6000.0,5400.0,90.0,2023-05-09,2023-05-19,390
CPNREIT,2022,Q4,40000,0.0607,2428.0,2185.2,90.0,2023-02-28,2023-03-16,372
DIF,2022,Q4,40000,0.2535,10140.0,9126.0,90.0,2023-02-10,2023-03-07,370
GVREIT,2022,Q4,40000,0.198,7920.0,7128.0,90.0,2023-02-27,2023-03-10,371
IVL,2022,Q4,7200,0.4,2880.0,2592.0,90.0,2023-05-03,2023-05-19,391
JMART,2022,Q4,6000,0.66,3960.0,3564.0,90.0,2023-04-11,2023-05-03,383
JMT,2022,Q4,4200,0.59,2478.0,2230.2,90.0,2023-04-11,2023-05-02,381
KCE,2022,Q4,10000,0.6,6000.0,5760.0,96.0,2023-03-20,2023-05-12,388
MCS,2022,Q4,75000,0.2,15000.0,13650.0,91.0,2023-03-17,2023-05-08,385
NER,2022,Q4,27000,0.31,8370.0,8370.0,100.0,2023-04-19,2023-05-08,387
ORI,2022,Q4,45000,0.57,25650.0,23085.0,90.0,2023-05-08,2023-05-25,394
PTTGC,2022,Q4,6000,0.25,1500.0,1350.0,90.0,2023-02-27,2023-04-26,378
RCL,2022,Q4,27000,3.0,81000.0,74520.0,92.0,2023-03-16,2023-05-19,392
SCC,2022,Q4,600,2.0,1200.0,1080.0,90.0,2023-04-07,2023-04-25,377
SENA,2022,Q4,105000,0.0784,8232.0,7503.52,91.0,2023-05-11,2023-05-25,395
SINGER,2022,Q4,6000,0.26,1560.0,1404.0,90.0,2023-05-03,2023-05-19,393
STA,2022,Q4,5000,1.0,5000.0,4640.0,93.0,2023-04-19,2023-05-08,386
SYNEX,2022,Q4,15000,0.52,7800.0,7020.0,90.0,2023-03-09,2023-05-02,382
TFFIF,2022,Q4,10000,0.1032,1032.0,1032.0,100.0,2023-03-02,2023-03-21,374
TMT,2022,Q4,36000,0.15,5400.0,4860.0,90.0,2023-04-18,2023-05-03,384
WHAIR,2022,Q4,50000,0.1218,6090.0,5481.0,90.0,2023-03-10,2023-03-30,376
WHART,2022,Q4,30000,0.1265,3795.0,3415.5,90.0,2023-03-08,2023-03-24,375
3BBIF,2022,Q3,130000,0.23,29900.0,29900.0,100.0,2022-11-22,2022-12-08,363
CPNREIT,2022,Q3,20000,0.3,6000.0,5400.0,90.0,2022-11-16,2022-12-02,360
DCC,2022,Q3,60000,0.025,1500.0,1350.0,90.0,2022-11-22,2022-12-06,361
DIF,2022,Q3,40000,0.26,10400.0,10400.0,100.0,2022-11-11,2022-12-06,362
GVREIT,2022,Q3,20000,0.1911,3822.0,3439.8,90.0,2022-12-08,2022-12-23,368
IVL,2022,Q3,2400,0.4,960.0,864.0,90.0,2022-11-29,2022-12-15,367
RCL,2022,Q3,24000,2.25,54000.0,49800.0,92.0,2022-11-11,2022-12-09,364
TFFIF,2022,Q3,10000,0.1003,1003.0,1003.0,100.0,2022-12-09,2022-12-28,369
WHAIR,2022,Q3,40000,0.1894,7576.0,6818.4,90.0,2022-11-18,2022-12-15,366
WHART,2022,Q3,30000,0.2553,7659.0,6893.1,90.0,2022-11-24,2022-12-13,365
3BBIF,2022,Q2,130000,0.23,29900.0,29900.0,100.0,2022-08-09,2022-09-06,339
ASP,2022,Q2,30000,0.07,2100.0,1890.0,90.0,2022-09-24,2022-09-09,349
BCH,2022,Q2,21000,0.4,8400.0,7560.0,90.0,2022-08-31,2022-09-14,354
CPAXT,2022,Q2,7500,0.18,1350.0,1215.0,90.0,2022-08-22,2022-09-06,346
CPNREIT,2022,Q2,5000,0.28,1400.0,1260.0,90.0,2022-08-17,2022-09-02,340
DCC,2022,Q2,60000,0.035,2100.0,1890.0,90.0,2022-08-22,2022-09-06,345
DIF,2022,Q2,40000,0.26,10400.0,10400.0,100.0,2022-08-16,2022-09-05,338
GVREIT,2022,Q2,10000,0.201,2010.0,1809.0,90.0,2022-08-26,2022-09-14,355
IVL,2022,Q2,2400,0.4,960.0,864.0,90.0,2022-08-30,2022-09-15,356
KCE,2022,Q2,15000,1.0,15000.0,14085.0,94.0,2022-09-22,2022-09-09,350
NER,2022,Q2,27000,0.07,1890.0,1890.0,100.0,2022-08-23,2022-09-07,347
ORI,2022,Q2,45000,0.15,6750.0,6075.0,90.0,2022-08-26,2022-09-13,353
PTT,2022,Q2,4500,1.3,5850.0,5265.0,90.0,2022-09-28,2022-10-12,359
PTTEP,2022,Q2,600,4.25,2550.0,2295.0,90.0,2022-08-15,2022-08-26,337
PTTGC,2022,Q2,12000,0.75,9000.0,8100.0,90.0,2022-09-02,2022-09-21,358
RCL,2022,Q2,15000,1.75,26250.0,23625.0,90.0,2022-08-18,2022-09-02,341
SCC,2022,Q2,900,6.0,5400.0,4860.0,90.0,2022-08-10,2022-08-26,336
SENA,2022,Q2,105000,0.12692,13326.6,12060.51,90.0,2022-09-25,2022-09-09,351
STA,2022,Q2,22500,1.0,22500.0,20587.5,92.0,2022-08-23,2022-09-08,348
SYNEX,2022,Q2,18000,0.18,3240.0,2916.0,90.0,2022-08-22,2022-09-05,344
TMT,2022,Q2,48000,0.15,7200.0,6480.0,90.0,2022-09-24,2022-09-09,352
VNG,2022,Q2,15000,0.1,1500.0,1500.0,100.0,2022-08-19,2022-09-02,343
WHAIR,2022,Q2,40000,0.1556,6224.0,5601.6,90.0,2022-08-18,2022-09-19,357
WHART,2022,Q2,30000,0.192,5760.0,5184.0,90.0,2022-08-18,2022-09-02,342
3BBIF,2022,Q1,110000,0.23,25300.0,25300.0,100.0,2022-05-20,2022-06-08,332
DCC,2022,Q1,60000,0.055,3300.0,2970.0,90.0,2022-05-13,2022-05-31,329
DIF,2022,Q1,50000,0.26,13000.0,13000.0,100.0,2022-05-15,2022-06-06,330
IVL,2022,Q1,6000,0.4,2400.0,2160.0,90.0,2022-05-31,2022-06-16,334
WHAIR,2022,Q1,40000,0.1556,6224.0,5601.6,90.0,2022-05-25,2022-06-24,335
WHART,2022,Q1,30000,0.1915,5745.0,5170.5,90.0,2022-05-30,2022-06-15,333
3BBIF,2021,Q4,110000,0.25,27500.0,27500.0,100.0,2022-03-03,2022-03-21,302
AIMIRT,2021,Q4,10000,0.221,2210.0,1989.0,90.0,2022-03-14,2022-03-28,304
ASP,2021,Q4,30000,0.2,6000.0,5400.0,90.0,2022-03-10,2022-05-17,321
BCH,2021,Q4,18000,1.0,18000.0,16200.0,90.0,2022-05-10,2022-05-25,328
CPAXT,2021,Q4,3000,0.32,960.0,864.0,90.0,2022-03-03,2022-05-19,322
CPNCG,2021,Q4,10000,0.2222,2222.0,1999.8,90.0,2022-02-14,2022-03-04,300
DIF,2021,Q4,60000,0.261,15660.0,15660.0,100.0,2022-02-10,2022-03-04,301
KCE,2021,Q4,13000,1.0,13000.0,12402.0,95.0,2022-03-21,2022-05-09,317
LPF,2021,Q4,10000,0.1719,1719.0,1547.1,90.0,2022-01-28,2022-02-15,299
MCS,2021,Q4,50000,0.5,25000.0,24500.0,98.0,2022-03-15,2022-05-05,312
MEGA,2021,Q4,6000,0.86,5160.0,4980.0,97.0,2022-03-08,2022-04-22,307
NER,2021,Q4,27000,0.36,9720.0,9720.0,100.0,2022-04-20,2022-05-06,314
ORI,2021,Q4,45000,0.42,18900.0,17010.0,90.0,2022-05-09,2022-05-24,327
PTT,2021,Q4,9000,0.8,7200.0,6480.0,90.0,2022-03-03,2022-04-29,311
PTTGC,2021,Q4,9000,1.75,15750.0,14175.0,90.0,2022-02-28,2022-04-22,308
RATCH,2021,Q4,6000,1.35,8100.0,7290.0,90.0,2022-03-17,2022-05-20,324
RCL,2021,Q4,12000,3.0,36000.0,32700.0,91.0,2022-03-23,2022-05-20,325
RJH,2021,Q4,4500,1.0,4500.0,4050.0,90.0,2022-05-09,2022-05-24,326
SCC,2021,Q4,900,10.0,9000.0,8100.0,90.0,2022-04-07,2022-04-26,309
SCCC,2021,Q4,900,9.0,8100.0,7290.0,90.0,2022-02-24,2022-04-08,306
SENA,2021,Q4,90000,0.211477,19032.93,17316.19,91.0,2022-05-11,2022-05-25,331
SIS,2021,Q4,4500,1.2,5400.0,4860.0,90.0,2022-03-10,2022-05-13,319
SNC,2021,Q4,9000,0.45,4050.0,3645.0,90.0,2022-03-02,2022-04-27,310
SPALI,2021,Q4,9000,0.75,6750.0,6075.0,90.0,2022-04-27,2022-05-12,318
STA,2021,Q4,22500,0.65,14625.0,13387.5,92.0,2022-04-19,2022-05-06,315
SYNEX,2021,Q4,15000,0.52,7800.0,7020.0,90.0,2022-03-10,2022-05-05,313
TISCO,2021,Q4,2000,7.15,14300.0,12870.0,90.0,2022-04-29,2022-05-19,323
TMT,2021,Q4,27000,0.7,18900.0,17010.0,90.0,2022-04-18,2022-05-06,316
TPIPL,2021,Q4,60000,0.06,3600.0,3240.0,90.0,2022-03-09,2022-05-17,320
WHAIR,2021,Q4,40100,0.1738,6969.38,6272.44,90.0,2022-03-04,2022-03-30,305
WHART,2021,Q4,20000,0.1195,2390.0,2151.0,90.0,2022-03-09,2022-03-25,303
3BBIF,2021,Q3,100000,0.22,22000.0,22000.0,100.0,2021-11-19,2021-12-08,288
CPNCG,2021,Q3,20000,0.24,4800.0,4320.0,90.0,2021-11-13,2021-12-03,283
DCC,2021,Q3,40000,0.04,1600.0,1440.0,90.0,2021-11-19,2021-12-03,295
DIF,2021,Q3,60000,0.261,15660.0,15660.0,100.0,2021-11-11,2021-12-03,284
EGATIF,2021,Q3,8000,0.08,640.0,640.0,100.0,2021-11-30,2021-12-17,292
EGATIF,2021,Q3,8000,0.13,1040.0,1040.0,100.0,2021-11-30,2021-12-17,293
EPG,2021,Q3,14000,0.14,1960.0,1764.0,90.0,2021-11-25,2021-12-08,289
IVL,2021,Q3,21000,0.25,5250.0,4725.0,90.0,2021-11-25,2021-12-09,291
MC,2021,Q3,10000,0.2,2000.0,1800.0,90.0,2021-11-04,2021-11-25,281
MCS,2021,Q3,70000,0.37,25900.0,25200.0,97.0,2021-11-25,2021-12-09,290
POPF,2021,Q3,10000,0.247,2470.0,2223.0,90.0,2021-11-11,2021-12-03,282
RCL,2021,Q3,4500,1.5,6750.0,6075.0,90.0,2021-11-18,2021-12-03,285
RJH,2021,Q3,3000,1.1,3300.0,2970.0,90.0,2021-11-22,2021-12-07,286
STA,2021,Q3,15000,1.25,18750.0,16875.0,90.0,2021-11-19,2021-12-08,287
WHAIR,2021,Q3,10000,0.1738,1738.0,1564.2,90.0,2021-11-23,2021-12-23,294
3BBIF,2021,Q2,130000,0.24,31200.0,31200.0,100.0,2021-08-20,2021-09-07,256
ADVANC,2021,Q2,600,3.45,2070.0,1863.0,90.0,2021-08-16,2021-09-01,251
BCP,2021,Q2,6000,1.0,6000.0,5400.0,90.0,2021-09-08,2021-09-21,296
BKIH,2021,Q2,1000,3.5,3500.0,3150.0,90.0,2021-09-23,2021-10-08,279
CHG,2021,Q2,50000,0.03,1500.0,1350.0,90.0,2021-08-23,2021-09-10,268
CPNCG,2021,Q2,20000,0.245,4900.0,4410.0,90.0,2021-08-10,2021-09-03,250
DIF,2021,Q2,60000,0.261,15660.0,15660.0,100.0,2021-08-10,2021-09-03,252
DTAC,2021,Q2,6000,1.05,6300.0,5670.0,90.0,2021-07-30,2021-08-16,247
GVREIT,2021,Q2,10000,0.196,1960.0,1764.0,90.0,2021-08-23,2021-09-08,266
IVL,2021,Q2,24000,0.25,6000.0,5400.0,90.0,2021-08-27,2021-09-15,272
JMART,2021,Q2,3000,0.4,1200.0,1080.0,90.0,2021-08-23,2021-09-08,257
JMT,2021,Q2,2500,0.4,1000.0,900.0,90.0,2021-08-23,2021-09-06,254
KCE,2021,Q2,3600,0.6,2160.0,2080.8,96.0,2021-08-23,2021-09-08,267
KKP,2021,Q2,3000,0.75,2250.0,2025.0,90.0,2021-09-08,2021-09-23,277
LH,2021,Q2,24000,0.25,6000.0,5400.0,90.0,2021-08-24,2021-09-09,262
MCS,2021,Q2,70000,0.4,28000.0,26460.0,95.0,2021-09-03,2021-09-15,273
NOBLE,2021,Q2,30000,0.35,10500.0,9450.0,90.0,2021-08-24,2021-09-07,259
ORI,2021,Q2,25000,0.12,3000.0,2700.0,90.0,2021-08-24,2021-09-09,263
POPF,2021,Q2,10000,0.247,2470.0,2223.0,90.0,2021-08-13,2021-09-03,297
PTT,2021,Q2,5000,1.2,6000.0,5400.0,90.0,2021-09-29,2021-10-15,280
PTTEP,2021,Q2,1000,2.0,2000.0,1800.0,90.0,2021-08-11,2021-08-27,249
PTTGC,2021,Q2,8000,2.0,16000.0,14400.0,90.0,2021-08-23,2021-09-21,275
RATCH,2021,Q2,6000,1.15,6900.0,6210.0,90.0,2021-09-07,2021-09-23,278
SAT,2021,Q2,10000,0.4,4000.0,3650.7,91.0,2021-08-25,2021-09-07,260
SINGER,2021,Q2,6000,0.15,900.0,810.0,90.0,2021-08-24,2021-09-09,264
STA,2021,Q2,7500,1.25,9375.0,8625.0,92.0,2021-08-23,2021-09-08,258
SUPEREIF,2021,Q2,10000,0.25204,2520.4,2520.4,100.0,2021-08-19,2021-09-07,255
SYNEX,2021,Q2,4000,0.18,720.0,648.0,90.0,2021-08-24,2021-09-03,253
TMT,2021,Q2,15000,0.6,9000.0,8100.0,90.0,2021-08-27,2021-09-10,269
TOA,2021,Q2,3000,0.31,930.0,837.0,90.0,2021-08-27,2021-09-10,270
TPIPP,2021,Q2,60000,0.12,7200.0,6960.0,97.0,2021-09-09,2021-09-22,276
TQM,2021,Q2,1800,1.45,2610.0,2349.0,90.0,2021-08-26,2021-09-09,265
TU,2021,Q2,12000,0.45,5400.0,4860.0,90.0,2021-08-23,2021-09-07,261
TVO,2021,Q2,6000,1.3,7800.0,7020.0,90.0,2021-08-27,2021-09-10,271
WHAIR,2021,Q2,30000,0.1738,5214.0,4692.6,90.0,2021-08-23,2021-09-21,274
3BBIF,2021,Q1,130000,0.24,31200.0,31200.0,100.0,2021-05-21,2021-06-10,241
BGC,2021,Q1,20000,0.13,2600.0,2600.0,100.0,2021-05-25,2021-06-11,244
CPNCG,2021,Q1,10000,0.2515,2515.0,2263.5,90.0,2021-05-18,2021-06-07,243
DCC,2021,Q1,40000,0.05,2000.0,1800.0,90.0,2021-05-17,2021-05-28,237
DIF,2021,Q1,100000,0.261,26100.0,26100.0,100.0,2021-05-12,2021-06-04,235
EPG,2021,Q1,10000,0.19,1900.0,1710.0,90.0,2021-08-03,2021-08-20,248
GVREIT,2021,Q1,10000,0.1915,1915.0,1723.5,90.0,2021-05-21,2021-06-04,238
IVL,2021,Q1,9000,0.25,2250.0,2025.0,90.0,2021-05-27,2021-06-10,242
POPF,2021,Q1,10000,0.247,2470.0,2223.0,90.0,2021-05-12,2021-06-04,239
SUPEREIF,2021,Q1,10000,0.267,2670.0,2670.0,100.0,2021-05-21,2021-06-09,240
TIPH,2021,Q1,3000,0.5,1500.0,1350.0,90.0,2021-06-23,2021-07-07,246
WHAIR,2021,Q1,30000,0.1738,5214.0,4692.6,90.0,2021-05-25,2021-06-25,203
WHART,2021,Q1,9000,0.1915,1723.5,1551.15,90.0,2021-05-28,2021-06-14,245
3BBIF,2020,Q4,130000,0.25,32500.0,32500.0,100.0,2021-02-24,2021-03-15,198
ADVANC,2020,Q4,600,3.68,2208.0,1987.2,90.0,2021-02-19,2021-04-20,205
AMATA,2020,Q4,12000,0.2,2400.0,2160.0,90.0,2021-04-22,2021-05-07,218
ASIAN,2020,Q4,10000,1.05,10500.0,4450.0,42.0,2021-04-29,2021-05-17,221
BGC,2020,Q4,10000,0.12,1200.0,1200.0,100.0,2021-04-21,2021-05-07,219
CPF,2020,Q4,10000,0.6,6000.0,5400.0,90.0,2021-05-17,2021-05-28,236
CPTGF,2020,Q4,10000,0.18,1800.0,1620.0,90.0,2021-03-01,2021-03-17,200
DCC,2020,Q4,40000,0.044,1760.0,1584.0,90.0,2021-04-05,2021-04-27,210
DIF,2020,Q4,80000,0.261,20880.0,20880.0,100.0,2021-02-23,2021-03-12,197
DTAC,2020,Q4,9000,2.12,19080.0,17172.0,90.0,2021-02-11,2021-04-20,206
EGATIF,2020,Q4,10000,0.2,2000.0,2000.0,100.0,2021-03-01,2021-03-17,199
EGCO,2020,Q4,900,3.5,3150.0,2835.0,90.0,2021-03-09,2021-04-27,212
FSMART,2020,Q4,18000,0.3,5400.0,4860.0,90.0,2021-03-09,2021-04-29,213
GC,2020,Q4,15000,0.4,6000.0,5400.0,90.0,2021-04-16,2021-04-30,214
GUNKUL,2020,Q4,30000,0.182,5460.0,4914.0,90.0,2021-05-06,2021-05-24,231
GVREIT,2020,Q4,18000,0.2037,3666.6,3299.94,90.0,2021-02-25,2021-03-10,195
IVL,2020,Q4,10000,0.175,1750.0,1575.0,90.0,2021-05-06,2021-05-20,223
LH,2020,Q4,42000,0.3,12600.0,11340.0,90.0,2021-05-06,2021-05-21,228
MBAX,2020,Q4,12000,0.56,6720.0,6048.0,90.0,2021-04-21,2021-05-07,216
MCS,2020,Q4,75000,0.6,45000.0,43050.0,96.0,2021-03-15,2021-04-28,211
NOBLE,2020,Q4,12000,0.5,6000.0,5400.0,90.0,2021-05-10,2021-05-27,234
ORI,2020,Q4,50000,0.39,19500.0,17550.0,90.0,2021-05-07,2021-05-18,227
PDG,2020,Q4,25000,0.22,5500.0,4950.0,90.0,2021-05-15,2021-05-20,224
PRM,2020,Q4,33000,0.18,5940.0,5398.8,91.0,2021-04-30,2021-05-20,225
PTTGC,2020,Q4,2000,1.0,2000.0,1800.0,90.0,2021-02-25,2021-04-23,208
RATCH,2020,Q4,6000,1.25,7500.0,6750.0,90.0,2021-03-02,2021-04-23,209
ROJNA,2020,Q4,20000,0.2,4000.0,3600.0,90.0,2021-05-07,2021-05-24,232
SCCC,2020,Q4,600,9.0,5400.0,4860.0,90.0,2021-02-24,2021-04-05,204
SENA,2020,Q4,60000,0.185035,11102.1,10043.96,90.0,2021-05-11,2021-05-21,230
SMPC,2020,Q4,20000,0.43,8600.0,7740.0,90.0,2021-04-04,2021-04-30,215
TCAP,2020,Q4,3000,1.8,5400.0,4860.0,90.0,2021-05-05,2021-05-19,229
TIPH,2020,Q4,3000,1.3,3900.0,3510.0,90.0,2021-03-11,2021-05-19,226
TISCO,2020,Q4,2000,6.3,12600.0,11340.0,90.0,2021-04-28,2021-05-17,222
TPIPP,2020,Q4,60000,0.15,9000.0,9000.0,100.0,2021-03-12,2021-05-07,217
TTLPF,2020,Q4,12000,0.43,5160.0,4644.0,90.0,2021-03-01,2021-03-17,201
TU,2020,Q4,21000,0.4,8400.0,7770.0,93.0,2021-03-08,2021-04-21,207
TVO,2020,Q4,6000,0.8,4800.0,4320.0,90.0,2021-03-12,2021-05-14,220
UTP,2020,Q4,6000,0.39,2340.0,2340.0,100.0,2021-03-08,2021-05-25,233
WHAIR,2020,Q4,30000,0.1718,5154.0,4638.0,90.0,2020-12-04,2020-12-24,187
WHAIR,2020,Q4,30000,0.086,2580.0,2322.0,90.0,2021-03-03,2021-03-30,298
WHART,2020,Q4,10000,0.1195,1195.0,1075.5,90.0,2021-03-04,2021-03-22,202
3BBIF,2020,Q3,130000,0.25,32500.0,32500.0,100.0,2020-11-18,2020-12-04,191
DIF,2020,Q3,70000,0.261,18270.0,18270.0,100.0,2020-11-11,2020-12-04,190
IVL,2020,Q3,12000,0.175,2100.0,1890.0,90.0,2020-11-23,2020-12-09,188
LPF,2020,Q3,7000,0.1955,1368.5,1231.65,90.0,2021-01-27,2021-02-15,194
ORI,2020,Q3,63000,0.1,6300.0,5670.0,90.0,2021-01-08,2021-01-22,193
PRM,2020,Q3,33000,0.07,2310.0,2184.6,95.0,2020-11-26,2020-12-09,189
TTLPF,2020,Q3,11100,0.46,5106.0,4595.4,90.0,2020-11-30,2020-12-21,192
WHAIR,2020,Q3,30000,0.1715,5145.0,4630.5,90.0,2020-11-24,2020-12-14,186
3BBIF,2020,Q2,100000,0.25,25000.0,25000.0,100.0,2020-09-02,2020-09-22,101
ADVANC,2020,Q2,600,3.24,1944.0,1749.6,90.0,2020-08-19,2020-09-03,1
AMATA,2020,Q2,18000,0.1,1800.0,1620.0,90.0,2020-08-28,2020-09-11,102
CPTGF,2020,Q2,1,0.146,0.15,0.13,87.0,2020-08-27,2020-09-16,181
DIF,2020,Q2,60000,0.261,15660.0,15660.0,100.0,2020-08-13,2020-09-08,3
EGCO,2020,Q2,900,3.0,2700.0,2430.0,90.0,2020-09-02,2020-09-17,185
FSMART,2020,Q2,60000,0.3,18000.0,16200.0,90.0,2020-08-26,2020-09-08,166
IVL,2020,Q2,12000,0.175,2100.0,1890.0,90.0,2020-08-27,2020-09-10,16
LH,2020,Q2,45000,0.2,9000.0,8100.0,90.0,2020-08-27,2020-09-11,17
MC,2020,Q2,10000,0.35,3500.0,3150.0,90.0,2021-02-25,2021-03-11,196
MCS,2020,Q2,75000,0.4,30000.0,29325.0,98.0,2020-08-27,2020-09-10,18
NOBLE,2020,Q2,30000,1.1,33000.0,29700.0,90.0,2020-08-27,2020-09-09,19
PTTEP,2020,Q2,2400,1.5,3600.0,3240.0,90.0,2020-08-13,2020-08-28,2
SENA,2020,Q2,60000,0.129031,7741.86,6980.59,90.0,2020-09-11,2020-09-11,103
TPIPP,2020,Q2,1,0.12,0.12,0.11,92.0,2020-09-03,2020-09-22,169
TTLPF,2020,Q2,9900,0.362,3583.8,3225.42,90.0,2020-08-27,2020-09-16,177
WHAIR,2020,Q2,12000,0.1715,2058.0,1852.2,90.0,2020-08-18,2020-09-18,173
3BBIF,2020,Q1,100000,0.24,24000.0,24000.0,100.0,2020-05-27,2020-06-15,5
CPTGF,2020,Q1,1,0.2015,0.2,0.18,90.0,2020-05-28,2020-06-16,182
DIF,2020,Q1,52000,0.261,13572.0,13572.0,100.0,2020-05-26,2020-06-11,6
IVL,2020,Q1,15000,0.175,2625.0,2362.5,90.0,2020-05-26,2020-06-11,4
TPIPP,2020,Q1,1,0.2,0.2,0.18,90.0,2020-03-12,2020-05-15,170
TTLPF,2020,Q1,9900,0.44,4356.0,3920.0,90.0,2020-05-28,2020-06-16,178
3BBIF,2019,Q4,100000,0.2,20000.0,20000.0,100.0,2020-02-17,2020-03-04,30
AMATA,2019,Q4,21000,0.25,5250.0,4725.0,90.0,2020-05-08,2020-05-08,13
BA,2019,Q4,10000,0.1,1000.0,900.0,90.0,2020-04-10,2020-04-10,28
BFIT,2019,Q4,1000,2.25,2250.0,2025.0,90.0,2020-04-24,2020-04-24,25
CPNREIT,2019,Q4,30000,0.406,12180.0,10962.0,90.0,2020-03-20,2020-03-20,29
CPTGF,2019,Q4,1,0.211,0.21,0.19,90.0,2020-02-27,2020-03-16,183
DIF,2019,Q4,52000,0.261,13572.0,13572.0,100.0,2020-02-12,2020-03-03,31
FSMART,2019,Q4,66000,0.34,22440.0,20196.0,90.0,2020-04-09,2020-04-09,26
IVL,2019,Q4,15000,0.175,2625.0,2362.5,90.0,2020-04-23,2020-05-08,14
KKP,2019,Q4,1200,2.75,3300.0,2970.0,90.0,2020-04-28,2020-04-28,21
LH,2019,Q4,45000,0.4,18000.0,16200.0,90.0,2020-05-07,2020-05-22,9
MCS,2019,Q4,75000,0.4,30000.0,29250.0,98.0,2020-04-29,2020-04-29,20
NOBLE,2019,Q4,28500,2.2,62700.0,56430.0,90.0,2020-05-28,2020-05-28,8
ORI,2019,Q4,55000,0.29,15950.0,14355.0,90.0,2020-09-01,2020-09-25,167
PTTEP,2019,Q4,3600,3.75,13500.0,12150.0,90.0,2020-04-10,2020-04-10,27
PTTGC,2019,Q4,9000,1.0,9000.0,8100.0,90.0,2020-04-28,2020-04-28,22
ROJNA,2019,Q4,90000,0.2,18000.0,16200.0,90.0,2020-06-12,2020-06-12,7
SAT,2019,Q4,56000,1.0,56000.0,50874.88,91.0,2020-04-28,2020-04-28,23
SIRI,2019,Q4,100000,0.06,6000.0,5400.0,90.0,2020-05-12,2020-05-12,11
SYNEX,2019,Q4,33000,0.32,10560.0,9504.0,90.0,2020-04-24,2020-04-24,24
TKS,2019,Q4,10000,0.4,4000.0,3600.0,90.0,2020-05-08,2020-05-08,12
TPIPP,2019,Q4,1,0.1,0.1,0.09,90.0,2019-12-12,2019-12-27,171
TTLPF,2019,Q4,1,0.4,0.4,0.36,90.0,2020-02-27,2020-03-16,179
TTW,2019,Q4,20000,0.3,6000.0,5400.0,90.0,2020-04-30,2020-04-30,15
WHA,2019,Q4,50000,0.0535,2675.0,2407.5,90.0,2020-05-25,2020-05-25,10
3BBIF,2019,Q3,90000,0.23,20700.0,20700.0,100.0,2019-11-14,2019-12-02,37
CPNREIT,2019,Q3,24000,0.406,9744.0,8769.6,90.0,2019-12-06,2019-12-06,35
CPTGF,2019,Q3,1,0.2085,0.21,0.19,90.0,2019-11-28,2019-12-19,184
DIF,2019,Q3,52000,0.1656,8611.2,8611.2,100.0,2019-11-18,2019-12-04,36
IVL,2019,Q3,15000,0.35,5250.0,4725.0,90.0,2019-12-11,2019-12-11,33
MCS,2019,Q3,75000,0.25,18750.0,18525.0,99.0,2019-11-21,2019-12-04,34
ROJNA,2019,Q3,60000,0.2,12000.0,10800.0,90.0,2019-12-09,2019-12-09,32
TPIPP,2019,Q3,1,0.1,0.1,0.09,90.0,2019-09-12,2019-09-24,172
TTLPF,2019,Q3,1,0.431,0.43,0.39,91.0,2019-11-28,2019-12-19,180
3BBIF,2019,Q2,60000,0.23,13800.0,13800.0,100.0,2019-08-19,2019-09-04,50
AMATA,2019,Q2,15000,0.2,3000.0,2700.0,90.0,2019-09-13,2019-09-13,40
ANAN,2019,Q2,210000,0.091,19110.0,17199.0,90.0,2019-09-06,2019-09-06,47
BANPU,2019,Q2,24000,0.15,3600.0,3240.0,90.0,2019-09-10,2019-09-25,38
CPNREIT,2019,Q2,30000,0.4055,12165.0,10948.5,90.0,2019-09-06,2019-09-06,46
DIF,2019,Q2,47000,0.3469,16304.3,16304.3,100.0,2019-08-26,2019-09-11,43
FSMART,2019,Q2,54000,0.32,17280.0,15552.0,90.0,2019-09-03,2019-09-03,48
IVL,2019,Q2,15000,0.35,5250.0,4725.0,90.0,2019-09-05,2019-09-05,49
LH,2019,Q2,45000,0.3,13500.0,12150.0,90.0,2019-08-28,2019-09-11,44
MEGA,2019,Q2,8000,0.31,2480.0,2360.0,95.0,2019-09-13,2019-09-13,39
ORI,2019,Q2,60000,0.205,12300.0,11070.0,90.0,2019-09-13,2019-09-13,42
PTTGC,2019,Q2,9000,1.0,9000.0,8100.0,90.0,2019-09-13,2019-09-13,41
SAT,2019,Q2,50000,0.35,17500.0,16067.0,92.0,2019-09-06,2019-09-06,45
SYNEX,2019,Q2,33000,0.15,4950.0,4455.0,90.0,2019-09-02,2019-09-02,51
3BBIF,2019,Q1,60000,0.24,14400.0,14400.0,100.0,2019-05-22,2019-06-07,53
CPNREIT,2019,Q1,30000,0.4055,12165.0,10948.5,90.0,2019-06-11,2019-06-11,52
DIF,2019,Q1,40000,0.26,10400.0,10400.0,100.0,2019-05-16,2019-06-04,54
IVL,2019,Q1,12000,0.35,4200.0,3780.0,90.0,2019-06-04,2019-06-04,55
3BBIF,2018,Q4,60000,0.23,13800.0,13800.0,100.0,2019-03-01,2019-03-19,75
AEONTS,2018,Q4,1200,2.25,2700.0,2430.0,90.0,2018-07-20,2018-07-20,98
AMATA,2018,Q4,15000,0.17,2550.0,2295.0,90.0,2019-05-23,2019-05-23,57
ANAN,2018,Q4,100000,0.139,13900.0,12510.0,90.0,2019-05-17,2019-05-17,63
AOT,2018,Q4,4500,1.05,4725.0,4252.5,90.0,2019-02-07,2019-02-07,78
BA,2018,Q4,20000,0.08,1600.0,1440.0,90.0,2019-04-30,2019-04-30,68
BANPU,2018,Q4,21000,0.35,7350.0,6615.0,90.0,2019-04-30,2019-04-30,70
BTSGIF,2018,Q4,30000,0.206,6180.0,6180.0,100.0,2019-03-14,2019-03-14,76
CPALL,2018,Q4,5000,1.2,6000.0,5400.0,90.0,2019-05-22,2019-05-22,59
CPNREIT,2018,Q4,30000,0.4163,12489.0,11240.1,90.0,2019-03-25,2019-03-25,74
FSMART,2018,Q4,42000,0.32,13440.0,12096.0,90.0,2019-04-29,2019-04-29,69
IVL,2018,Q4,9000,0.35,3150.0,2835.0,90.0,2019-05-23,2019-05-23,56
KKP,2018,Q4,8000,3.0,24000.0,21600.0,90.0,2019-05-21,2019-05-21,60
LH,2018,Q4,45000,0.35,15750.0,14175.0,90.0,2019-05-03,2019-05-21,61
MCS,2018,Q4,70000,0.5,35000.0,34370.0,98.0,2019-03-12,2019-04-29,71
MEGA,2018,Q4,8000,0.4,3200.0,3080.0,96.0,2019-04-29,2019-04-29,72
ORI,2018,Q4,60000,0.3,18000.0,16200.0,90.0,2019-05-15,2019-05-15,64
PTTGC,2018,Q4,6000,2.5,15000.0,13680.0,91.0,2019-04-24,2019-04-24,73
SAT,2018,Q4,20000,1.0,20000.0,18320.0,92.0,2019-05-07,2019-05-07,66
SYNEX,2018,Q4,30000,0.44,13200.0,8880.0,67.0,2019-05-10,2019-05-10,65
TISCO,2018,Q4,6000,7.0,42000.0,37800.0,90.0,2019-05-17,2019-05-17,62
VNT,2018,Q4,8000,1.3,10400.0,9360.0,90.0,2019-05-23,2019-05-23,58
WORK,2018,Q4,3000,0.45,1350.0,1215.0,90.0,2019-05-03,2019-05-03,67
3BBIF,2018,Q3,70000,0.22,15400.0,15400.0,100.0,2018-11-18,2018-12-11,82
CPNREIT,2018,Q3,30000,0.4157,12471.0,11223.9,90.0,2018-12-04,2018-12-04,83
IVL,2018,Q3,6000,0.35,2100.0,1890.0,90.0,2018-12-18,2018-12-18,80
ORI,2018,Q3,48000,0.06,2880.0,2592.0,90.0,2019-01-18,2019-01-18,79
3BBIF,2018,Q2,70000,0.23,16100.0,16100.0,100.0,2018-08-24,2018-09-11,93
AMATA,2018,Q2,15000,0.23,3450.0,3105.0,90.0,2018-09-13,2018-09-13,88
BANPU,2018,Q2,12000,0.35,4200.0,3780.0,90.0,2018-09-28,2018-09-28,86
CPNREIT,2018,Q2,30000,0.4055,12165.0,10948.5,90.0,2018-09-06,2018-09-06,95
FSMART,2018,Q2,21000,0.3,6300.0,5670.0,90.0,2018-09-04,2018-09-04,97
GPSC,2018,Q2,3000,0.45,1350.0,1215.0,90.0,2018-09-10,2018-09-10,91
IVL,2018,Q2,9000,0.7,6300.0,5670.0,90.0,2018-09-04,2018-09-04,96
LH,2018,Q2,30000,0.4,12000.0,10800.0,90.0,2018-08-28,2018-09-11,92
MEGA,2018,Q2,6000,0.31,1860.0,1674.0,90.0,2018-09-13,2018-09-13,89
ORI,2018,Q2,18000,0.29,5220.0,4698.0,90.0,2018-10-31,2018-10-31,85
PCSGH,2018,Q2,45000,0.1,4500.0,4050.0,90.0,2018-09-07,2018-09-07,90
PTL,2018,Q2,15000,0.31,4650.0,4185.0,90.0,2018-12-11,2018-12-11,81
PTTGC,2018,Q2,4500,1.75,7875.0,7650.0,97.0,2018-09-18,2018-09-18,87
SYNEX,2018,Q2,24000,0.2,4800.0,4320.0,90.0,2018-09-07,2018-09-07,94
3BBIF,2018,Q1,60000,0.22,13200.0,13200.0,100.0,2018-05-24,2018-06-12,99
AMATA,2018,Q1,12000,0.33,3960.0,3564.0,90.0,2018-05-23,2018-05-23,110
AP,2018,Q1,30000,0.35,10500.0,9450.0,90.0,2018-05-24,2018-05-24,111
ASIAN,2018,Q1,30000,0.25,7500.0,6750.0,90.0,2018-05-17,2018-05-17,112
BA,2018,Q1,40000,0.3,12000.0,10800.0,90.0,2018-04-27,2018-04-27,129
BEAUTY,2018,Q1,5000,0.258,1290.0,1161.0,90.0,2018-05-18,2018-05-18,115
BR,2018,Q1,30000,0.4,12000.0,10943.64,91.0,2018-05-18,2018-05-18,116
COM7,2018,Q1,21000,0.35,7350.0,6615.0,90.0,2018-05-23,2018-05-23,109
CPALL,2018,Q1,1000,1.1,1100.0,990.0,90.0,2018-05-18,2018-05-18,118
CPNREIT,2018,Q1,40000,0.3975,15900.0,13662.0,86.0,2018-06-06,2018-06-06,104
CPNREIT,2018,Q1,40000,0.2879,11516.0,11516.0,100.0,2018-03-22,2018-03-22,133
FSMART,2018,Q1,21000,0.3,6300.0,5670.0,90.0,2018-04-27,2018-04-27,126
GC,2018,Q1,10000,0.22,2200.0,1980.0,90.0,2018-04-30,2018-04-30,125
GFPT,2018,Q1,18000,0.3,5400.0,5400.0,100.0,2018-04-25,2018-04-25,131
GPSC,2018,Q1,3000,0.8,2400.0,2160.0,90.0,2018-04-20,2018-04-20,132
IVL,2018,Q1,7000,0.55,3850.0,3465.0,90.0,2018-05-25,2018-05-25,105
MEGA,2018,Q1,6000,0.4,2400.0,2160.0,90.0,2018-04-27,2018-04-27,127
PCSGH,2018,Q1,20000,0.17,3400.0,3060.0,90.0,2018-05-18,2018-05-18,117
PLANB,2018,Q1,45000,0.045,2025.0,1822.5,90.0,2018-05-17,2018-05-17,113
PTT,2018,Q1,400,12.0,4800.0,4800.0,100.0,2018-04-27,2018-04-27,128
SAT,2018,Q1,12000,0.65,7800.0,7128.0,91.0,2018-05-04,2018-05-04,119
SAWAD,2018,Q1,7200,0.063,453.6,5.04,1.0,2018-05-21,2018-05-21,100
SGP,2018,Q1,9000,1.0,9000.0,8100.0,90.0,2018-05-09,2018-05-09,121
SYNEX,2018,Q1,21000,0.35,7350.0,6615.0,90.0,2018-05-10,2018-05-10,120
TFG,2018,Q1,30000,0.05,1500.0,1425.0,95.0,2018-05-09,2018-05-09,122
THANI,2018,Q1,40000,0.28,11200.0,80.0,1.0,2018-04-27,2018-04-27,130
TISCO,2018,Q1,4500,5.0,22500.0,20250.0,90.0,2018-05-18,2018-05-18,114
VIBHA,2018,Q1,90000,0.036,3240.0,2916.0,90.0,2018-05-25,2018-05-25,106
WORK,2018,Q1,4800,0.9,4320.0,3888.0,90.0,2018-05-03,2018-05-03,124
MCS,2017,Q4,80000,0.4,32000.0,29840.0,93.0,2018-04-18,2018-05-07,123
ORI,2017,Q4,18000,0.55,9900.0,8910.0,90.0,2020-05-08,2020-05-25,168
BANPU,2017,Q2,30000,0.3,9000.0,8100.0,90.0,2017-09-12,2017-09-29,135
BEAUTY,2017,Q2,20000,0.15,3000.0,2700.0,90.0,2017-09-08,2017-09-08,136
CPF,2017,Q2,10000,0.5,5000.0,4500.0,90.0,2017-09-08,2017-09-08,138
GPSC,2017,Q2,5000,0.45,2250.0,2250.0,100.0,2017-09-11,2017-09-11,141
HMPRO,2017,Q2,20000,0.13,2600.0,2340.0,90.0,2017-09-27,2017-09-27,144
JMART,2017,Q2,15000,0.18,2700.0,2430.0,90.0,2017-09-08,2017-09-08,137
JMT,2017,Q2,16000,0.27,4320.0,3888.0,90.0,2017-09-08,2017-09-08,140
MCS,2017,Q2,80000,0.2,16000.0,14400.0,90.0,2017-08-24,2017-09-11,134
RATCH,2017,Q2,4000,1.15,4600.0,4140.0,90.0,2017-09-20,2017-09-20,143
SENA,2017,Q2,170000,0.05455,9273.5,8346.15,90.0,2017-09-08,2017-09-08,139
TKN,2017,Q2,10000,0.17,1700.0,1530.0,90.0,2017-09-13,2017-09-13,142
ADVANC,2016,Q4,2400,4.29,10296.0,9266.4,90.0,2017-04-26,2017-04-26,150
BA,2016,Q4,40000,0.5,20000.0,19200.0,96.0,2017-04-28,2017-04-28,147
BANPU,2016,Q4,30000,0.25,7500.0,6750.0,90.0,2017-04-28,2017-04-28,151
BEAUTY,2016,Q4,40000,0.138,5520.0,4968.0,90.0,2017-05-19,2017-05-19,157
BIG,2016,Q4,40000,0.07,2800.0,2520.0,90.0,2017-05-09,2017-05-09,156
BJC,2016,Q4,5000,0.38,1900.0,1710.0,90.0,2017-05-26,2017-05-26,165
CPF,2016,Q4,10000,0.45,4500.0,4050.0,90.0,2017-05-24,2017-05-24,161
GL,2016,Q4,10000,0.274,2740.0,2466.0,90.0,2017-05-25,2017-05-25,163
INTUCH,2016,Q4,4800,1.61,7728.0,6955.2,90.0,2017-04-28,2017-04-28,152
JMT,2016,Q4,15000,0.66,9900.0,8910.0,90.0,2017-05-03,2017-05-03,153
KTB,2016,Q4,16000,0.86,13760.0,12384.0,90.0,2017-05-25,2017-05-25,164
MCS,2016,Q4,80000,0.48,38400.0,37760.0,98.0,2017-04-19,2017-05-09,155
RATCH,2016,Q4,4000,1.25,5000.0,4500.0,90.0,2017-04-27,2017-04-27,146
RP,2016,Q4,20000,0.3,6000.0,5760.0,96.0,2017-05-04,2017-05-04,154
SENA,2016,Q4,160000,0.07246,11593.6,10434.24,90.0,2017-05-25,2017-05-25,162
SPALI,2016,Q4,8000,0.55,4400.0,3960.0,90.0,2017-05-09,2017-05-09,148
SQ,2016,Q4,40000,0.05,2000.0,1800.0,90.0,2017-05-19,2017-05-19,158
STPI,2016,Q4,80000,0.39,31200.0,31200.0,100.0,2017-05-15,2017-05-15,149
TPCH,2016,Q4,10000,0.03,300.0,270.0,90.0,2017-05-24,2017-05-24,160
