name,date,price,maxp,minp,qty,opnp
AH,2021-05-24,23.0,24.9,22.7,11491037,24.8
AH,2021-05-25,23.0,23.4,22.8,3181825,23.4
AH,2021-05-27,23.3,23.6,23.2,1989655,23.2
AH,2021-05-28,23.4,23.7,23.3,1411201,23.4
AH,2021-05-31,22.9,23.2,22.7,2550334,23.1
AH,2021-06-01,23.0,23.5,22.9,3073489,23.0
AH,2021-06-02,22.9,23.2,22.7,3373592,23.0
AH,2021-06-04,23.0,23.2,22.8,2368678,22.9
AH,2021-06-07,24.2,24.2,22.9,5981150,23.0
AH,2021-06-08,24.3,24.5,23.9,3365111,24.2
AH,2021-06-09,24.0,24.5,23.9,1918681,24.4
AH,2021-06-10,23.7,24.1,23.4,2773929,24.0
AH,2021-06-11,23.5,23.8,23.4,1223305,23.6
AH,2021-06-14,23.1,23.5,22.9,1647214,23.4
AH,2021-06-15,23.6,23.6,22.9,1500636,23.0
AH,2021-06-16,23.3,23.5,22.9,1788324,23.4
AH,2021-06-17,23.3,23.4,23.0,1605911,23.1
AH,2021-06-18,23.0,23.5,22.8,2449505,23.1
AH,2021-06-21,22.2,23.0,22.1,3576545,22.2
AH,2021-06-22,22.4,22.5,22.2,1219778,22.3
AH,2021-06-23,21.6,22.5,21.6,1912583,22.4
AH,2021-06-24,22.9,22.9,21.4,5942031,21.9
AH,2021-06-25,23.0,23.6,22.6,7762922,23.2
AH,2021-06-28,22.8,22.9,22.4,1163955,22.9
AH,2021-06-29,22.6,23.0,22.5,790270,22.8
AH,2021-06-30,22.5,22.9,22.4,836207,22.9
AH,2021-07-01,22.6,22.9,22.5,993616,22.6
AH,2021-07-02,22.2,22.7,22.0,1117234,22.6
AH,2021-07-05,21.8,22.2,21.8,788962,22.1
AH,2021-07-06,21.7,22.2,21.7,1415120,21.9
AH,2021-07-07,20.6,21.7,20.6,3668336,21.7
AH,2021-07-08,21.0,21.0,19.8,5078147,20.3
AH,2021-07-09,21.1,21.7,20.9,2065751,20.9
AH,2021-07-12,21.2,21.5,21.0,1394422,21.1
AH,2021-07-13,22.5,22.5,21.2,3811554,21.3
AH,2021-07-14,23.1,23.3,22.7,7019989,22.8
AH,2021-07-15,23.1,23.5,23.1,2555217,23.4
AH,2021-07-16,22.9,23.2,22.6,1494635,23.1
AH,2021-07-19,22.6,22.8,22.4,1220821,22.5
AH,2021-07-20,21.7,22.4,21.6,2555161,22.3
AH,2021-07-21,21.5,22.0,21.3,1692625,21.8
AH,2021-07-22,21.8,22.0,21.5,962948,21.7
AH,2021-07-23,22.1,22.7,21.9,3498789,22.0
AH,2021-07-27,21.9,22.4,21.7,1517490,22.3
AH,2021-07-29,21.4,21.9,21.3,1235601,21.8
AH,2021-07-30,21.0,21.5,20.6,2448717,21.5
AH,2021-08-02,21.4,21.5,20.7,1070401,21.0
AH,2021-08-03,22.0,22.3,21.3,2490826,21.3
AH,2021-08-04,24.1,24.2,21.9,9795985,22.1
AH,2021-08-05,23.9,24.2,23.6,4354166,23.8
AH,2021-08-06,24.7,25.25,23.9,8553512,24.2
AH,2021-08-09,24.9,25.25,24.3,3224635,24.7
AH,2021-08-10,24.9,25.25,24.6,3085656,25.0
AH,2021-08-11,25.5,26.0,24.9,3650983,25.0
AH,2021-08-13,23.1,25.75,22.6,8666812,25.75
AH,2021-08-16,23.5,23.8,22.7,1770208,22.9
AH,2021-08-17,22.8,23.4,22.7,2265626,23.3
AH,2021-08-18,21.9,23.1,21.8,7136437,23.1
AH,2021-08-19,22.1,22.5,21.9,1905828,21.9
AH,2021-08-20,21.9,22.4,21.7,2969328,22.2
AH,2021-08-23,21.9,22.4,21.8,2790100,22.1
AH,2021-08-24,22.9,22.9,21.8,4371699,21.9
AH,2021-08-25,23.0,23.2,22.7,3115516,23.1
AH,2021-08-26,23.0,23.1,22.8,2169152,23.1
AH,2021-08-27,22.9,23.2,22.8,3050662,23.0
AH,2021-08-30,22.8,22.8,22.5,1778342,22.5
AH,2021-08-31,22.4,22.8,22.2,2812532,22.8
AH,2021-09-01,21.4,22.5,21.3,8927075,22.3
AH,2021-09-02,21.6,21.7,21.3,2082889,21.6
AH,2021-09-03,21.9,22.1,21.5,1690895,21.6
AH,2021-09-06,21.6,22.0,21.5,1631846,22.0
AH,2021-09-07,21.2,21.8,21.2,2155126,21.6
AH,2021-09-08,21.4,21.5,20.8,1750989,21.2
AH,2021-09-09,21.1,21.4,21.1,1380916,21.4
AH,2021-09-10,21.3,21.4,20.9,2081640,21.2
AH,2021-09-13,20.9,21.3,20.6,3613469,21.3
AH,2021-09-14,20.9,21.2,20.9,889837,21.1
AH,2021-09-15,21.1,21.3,20.9,1216142,21.0
AH,2021-09-16,21.1,21.2,21.0,1083732,21.1
AH,2021-09-17,21.4,21.4,21.0,1394933,21.3
AH,2021-09-20,21.1,21.7,21.1,2605219,21.4
AH,2021-09-21,21.2,21.2,20.9,790388,21.1
AH,2021-09-22,21.2,21.4,21.0,995735,21.1
AH,2021-09-23,20.9,21.3,20.5,3018714,21.3
AH,2021-09-27,20.7,21.0,20.7,1942710,21.0
AH,2021-09-28,20.6,20.9,20.6,1153666,20.7
AH,2021-09-29,21.2,21.4,20.6,2424340,20.6
AH,2021-09-30,20.8,21.4,20.6,1492471,21.4
AH,2021-10-01,20.7,20.9,20.7,721168,20.7
AH,2021-10-04,20.6,20.9,20.6,1016931,20.9
AH,2021-10-05,20.2,20.6,19.9,5426789,20.6
AH,2021-10-06,19.8,20.1,19.8,3952418,20.0
AH,2021-10-07,20.3,20.5,20.0,1446034,20.0
AH,2021-10-08,20.5,20.7,20.4,1359752,20.4
AH,2021-10-11,20.8,21.2,20.5,2943122,20.5
AH,2021-10-12,20.8,21.0,20.5,1226472,20.8
AH,2021-10-14,20.8,21.1,20.7,1130715,20.7
AH,2021-10-15,20.8,21.0,20.7,592196,20.8
AH,2021-10-18,21.0,21.2,20.7,1104759,20.8
AH,2021-10-19,20.7,21.1,20.6,854151,21.0
AH,2021-10-20,20.7,20.8,20.5,516453,20.7
AH,2021-10-21,21.5,21.5,20.6,3404792,20.6
AH,2021-10-25,21.3,21.6,21.1,1411452,21.5
AH,2021-10-26,21.3,21.5,21.2,999921,21.4
AH,2021-10-27,21.3,21.8,21.3,2615321,21.5
AH,2021-10-28,20.9,21.3,20.8,1531520,21.3
AH,2021-10-29,21.2,21.4,20.8,1278988,21.0
AH,2021-11-01,21.4,22.5,21.2,8306743,21.6
AH,2021-11-02,21.5,21.9,21.2,1840293,21.5
AH,2021-11-03,21.7,22.4,21.5,4304123,21.7
AH,2021-11-04,22.0,22.1,21.7,1750845,22.1
AH,2021-11-05,21.8,22.1,21.7,899341,22.1
AH,2021-11-08,21.8,22.0,21.8,985626,22.0
AH,2021-11-09,21.8,22.1,21.7,1133128,22.0
AH,2021-11-10,21.9,21.9,21.3,2170135,21.8
AH,2021-11-11,21.7,21.9,21.6,1200470,21.8
AH,2021-11-12,21.9,22.6,21.7,5560880,21.8
AH,2021-11-15,21.9,22.2,21.8,1943325,22.1
AH,2021-11-16,22.3,22.8,22.0,5863684,22.2
AH,2021-11-17,22.4,22.4,22.1,2179666,22.3
AH,2021-11-18,22.7,22.8,22.5,2248711,22.7
AH,2021-11-19,23.6,23.8,22.8,11284453,22.8
AH,2021-11-22,24.6,24.6,23.5,13217430,23.7
AH,2021-11-23,24.1,24.8,23.8,5317579,24.6
AH,2021-11-24,24.2,24.5,24.0,2537629,24.2
AH,2021-11-25,24.2,24.5,24.1,1358194,24.2
AH,2021-11-26,23.3,24.0,23.0,6103600,24.0
AH,2021-11-29,23.2,23.9,23.0,3261137,23.2
AH,2021-11-30,23.8,24.3,23.4,7341185,23.5
AH,2021-12-01,24.8,24.9,23.7,6530208,24.1
AH,2021-12-02,24.4,25.25,24.2,6155419,24.8
AH,2021-12-03,25.25,25.5,24.5,6196089,24.7
AH,2021-12-07,26.0,26.25,25.0,3900442,25.5
AH,2021-12-08,25.25,26.25,25.0,2522620,26.25
AH,2021-12-09,25.25,25.5,25.0,707760,25.5
AH,2021-12-13,24.6,25.75,24.5,2925404,25.25
AH,2021-12-14,26.0,26.0,24.6,3042258,24.7
AH,2021-12-15,27.5,28.0,26.25,14567481,26.5
AH,2021-12-16,27.75,27.75,26.5,3358332,27.5
AH,2021-12-17,27.25,28.0,26.5,3374621,27.75
AH,2021-12-20,26.75,27.25,26.5,1598593,26.75
AH,2021-12-21,27.0,28.0,26.75,4753795,27.0
AH,2021-12-22,26.75,27.25,26.75,1554577,27.25
AH,2021-12-23,27.5,27.75,27.0,3100323,27.0
AH,2021-12-24,27.25,27.75,26.75,2091209,27.75
AH,2021-12-27,28.5,28.5,26.75,3248656,27.5
AH,2021-12-28,27.25,28.5,27.25,3775416,28.5
AH,2021-12-29,26.75,27.25,26.5,1499682,27.0
AH,2021-12-30,27.0,27.25,26.75,717267,26.75
AH,2022-01-04,27.0,27.25,26.0,2602253,27.0
AH,2022-01-05,26.25,27.25,26.0,3357024,27.25
AH,2022-01-06,26.5,26.75,25.5,2207489,26.0
AH,2022-01-07,26.0,26.25,25.5,1260923,26.25
AH,2022-01-10,26.25,26.5,25.5,1431159,26.25
AH,2022-01-11,27.0,27.25,26.25,4077481,26.25
AH,2022-01-12,27.25,27.5,26.75,2054137,27.25
AH,2022-01-13,26.5,27.25,26.5,1643313,27.25
AH,2022-01-14,26.25,26.5,26.25,936382,26.5
AH,2022-01-17,26.0,26.25,25.75,1055211,26.25
AH,2022-01-18,25.75,26.25,25.0,3289365,26.0
AH,2022-01-19,25.25,25.75,25.0,1731671,25.5
AH,2022-01-20,24.8,25.5,24.6,2448352,25.25
AH,2022-01-21,24.4,25.0,24.3,2630377,24.8
AH,2022-01-24,24.2,24.4,23.9,2169577,24.1
AH,2022-01-25,24.9,25.25,24.2,2495107,24.2
AH,2022-01-26,24.4,25.25,24.4,1686496,25.0
AH,2022-01-27,24.5,24.5,24.2,925911,24.3
AH,2022-01-28,25.0,25.75,24.6,2552899,24.6
AH,2022-01-31,26.0,26.75,25.0,3488053,25.0
AH,2022-02-01,26.0,26.25,25.5,1030402,26.25
AH,2022-02-02,26.0,26.25,25.25,2818537,26.0
AH,2022-02-03,24.7,26.0,24.5,5289342,25.5
AH,2022-02-04,23.8,24.7,23.4,6096322,24.7
AH,2022-02-07,23.8,24.0,23.6,1460226,24.0
AH,2022-02-08,23.9,24.0,23.7,863331,23.9
AH,2022-02-09,23.4,24.2,23.4,1989727,23.9
AH,2022-02-10,22.8,23.6,22.8,2467879,23.4
AH,2022-02-11,23.6,24.0,22.9,3055398,22.9
AH,2022-02-14,23.3,23.6,23.1,888320,23.4
AH,2022-02-15,24.0,24.0,23.4,1453232,23.6
AH,2022-02-17,23.8,24.3,23.7,1305327,24.3
AH,2022-02-18,23.7,23.8,23.5,1113556,23.8
AH,2022-02-21,23.6,23.9,23.6,526315,23.7
AH,2022-02-22,23.6,23.6,23.3,433069,23.6
AH,2022-02-23,23.7,24.0,23.5,1164413,23.6
AH,2022-02-24,22.7,23.8,22.4,3117067,23.6
AH,2022-02-25,22.7,23.3,22.6,1250666,22.9
AH,2022-02-28,22.9,23.2,22.8,878521,22.8
AH,2022-03-01,22.5,23.4,22.1,3294602,23.2
AH,2022-03-02,22.8,22.9,22.3,1977244,22.3
AH,2022-03-03,23.0,23.3,22.8,2282500,22.8
AH,2022-03-04,23.0,23.2,22.8,691735,22.9
AH,2022-03-07,23.7,24.3,23.2,7320428,23.4
AH,2022-03-08,22.8,23.9,21.6,5767471,23.5
AH,2022-03-09,23.1,23.3,22.5,1857272,23.1
AH,2022-03-10,23.5,24.1,23.3,3093598,23.4
AH,2022-03-11,23.9,24.0,23.4,1509959,23.4
AH,2022-03-14,23.4,23.6,23.3,694048,23.5
AH,2022-03-15,23.5,23.8,22.7,1787785,23.5
AH,2022-03-16,24.8,25.0,23.8,6313227,23.8
AH,2022-03-17,25.25,25.75,25.0,4235512,25.0
AH,2022-03-18,25.25,25.75,24.9,1295076,25.75
AH,2022-03-21,24.7,25.0,24.3,2926282,25.0
AH,2022-03-22,24.7,25.25,24.5,1194253,24.6
AH,2022-03-23,25.25,25.75,24.8,2675081,25.0
AH,2022-03-24,24.9,25.5,24.9,1263098,25.25
AH,2022-03-25,24.8,25.5,24.7,1523283,25.0
AH,2022-03-28,24.7,25.25,24.6,1687735,25.25
AH,2022-03-29,24.8,24.9,24.7,510283,24.9
AH,2022-03-30,24.8,25.5,24.7,1400102,24.9
AH,2022-03-31,24.8,25.25,24.8,1074169,25.25
AH,2022-04-01,24.6,24.9,24.4,867892,24.9
AH,2022-04-04,24.9,25.25,24.6,1507288,24.6
AH,2022-04-05,24.5,25.0,24.4,2033534,25.0
AH,2022-04-07,23.8,24.4,23.6,3119062,24.3
AH,2022-04-08,23.5,24.0,23.5,2078187,23.9
AH,2022-04-11,23.0,23.6,23.0,1566126,23.4
AH,2022-04-12,23.0,23.1,22.7,1334495,22.9
AH,2022-04-18,22.9,22.9,22.5,1250097,22.5
AH,2022-04-19,23.7,23.8,23.0,1313331,23.0
AH,2022-04-20,23.6,23.9,23.5,2237253,23.9
AH,2022-04-21,23.7,23.8,23.5,461589,23.7
AH,2022-04-22,23.7,23.8,23.6,617191,23.7
AH,2022-04-25,23.4,23.6,23.2,740231,23.3
AH,2022-04-26,23.1,23.7,23.1,578753,23.5
AH,2022-04-27,23.1,23.3,22.8,765523,23.0
AH,2022-04-28,23.4,23.5,23.0,457599,23.0
AH,2022-04-29,23.4,23.6,23.4,514153,23.4
AH,2022-05-03,23.1,24.3,23.1,2231557,23.7
AH,2022-05-05,22.6,23.5,22.6,1349044,23.3
AH,2022-05-06,22.4,22.8,22.3,819616,22.5
AH,2022-05-09,21.7,22.5,21.7,1499296,22.3
AH,2022-05-10,21.9,22.2,21.5,916714,21.5
AH,2022-05-11,21.8,22.1,21.7,389902,22.0
AH,2022-05-12,20.9,21.8,20.9,1465139,21.5
AH,2022-05-13,21.3,21.4,20.9,1084823,21.0
AH,2022-05-17,22.3,22.4,21.1,1509346,21.2
AH,2022-05-18,23.1,23.4,22.6,2107499,22.8
AH,2022-05-19,22.8,23.0,22.6,981291,22.7
AH,2022-05-20,23.0,23.2,22.8,607174,23.0
AH,2022-05-23,22.8,23.1,22.7,537279,23.0
AH,2022-05-24,22.7,23.1,22.6,685752,23.1
AH,2022-05-25,22.8,23.1,22.8,554652,22.9
AH,2022-05-26,23.1,23.2,22.8,440857,22.8
AH,2022-05-27,23.0,23.3,23.0,600192,23.1
AH,2022-05-30,23.7,23.7,23.2,1485434,23.2
AH,2022-05-31,24.0,24.2,23.9,2010160,24.0
AH,2022-06-01,24.0,24.3,23.8,1091449,24.2
AH,2022-06-02,23.9,24.5,23.8,3035206,24.2
AH,2022-06-06,23.8,24.4,23.7,1937609,24.1
AH,2022-06-07,23.8,24.0,23.5,763600,23.8
AH,2022-06-08,24.2,24.4,23.9,1849442,23.9
AH,2022-06-09,23.8,24.3,23.8,811279,24.2
AH,2022-06-10,23.8,23.9,23.7,716031,23.8
AH,2022-06-13,22.9,23.4,22.7,1299186,23.4
AH,2022-06-14,22.9,23.1,22.6,453629,22.6
AH,2022-06-15,22.8,23.1,22.6,518811,22.9
AH,2022-06-16,22.2,23.0,22.2,912955,22.9
AH,2022-06-17,22.1,22.2,21.7,647458,21.7
AH,2022-06-20,22.2,22.3,21.8,227050,22.1
AH,2022-06-21,22.2,22.5,22.0,286410,22.3
AH,2022-06-22,21.9,22.3,21.9,263816,22.2
AH,2022-06-23,21.6,22.1,21.6,477020,22.0
AH,2022-06-24,21.6,21.7,21.4,546584,21.6
AH,2022-06-27,22.1,22.2,21.7,365071,21.7
AH,2022-06-28,22.6,22.7,22.0,257044,22.2
AH,2022-06-29,22.5,22.5,22.1,233860,22.4
AH,2022-06-30,21.9,22.6,21.5,1051284,22.5
AH,2022-07-01,21.5,21.8,21.4,504831,21.8
AH,2022-07-04,21.2,21.5,21.2,426777,21.4
AH,2022-07-05,20.3,21.3,20.3,1152136,21.2
AH,2022-07-06,20.0,20.4,19.8,1184967,20.0
AH,2022-07-07,20.3,20.6,20.0,271307,20.1
AH,2022-07-08,20.2,20.9,20.2,536076,20.5
AH,2022-07-11,19.9,20.5,19.8,942559,20.3
AH,2022-07-12,19.9,20.2,19.6,594595,19.9
AH,2022-07-14,19.6,20.1,19.6,552852,19.9
AH,2022-07-15,19.5,19.8,19.4,682057,19.7
AH,2022-07-18,20.0,20.1,19.6,694499,19.7
AH,2022-07-19,19.8,20.0,19.7,358202,20.0
AH,2022-07-20,20.2,20.3,19.9,366270,19.9
AH,2022-07-21,20.2,20.3,20.1,330492,20.2
AH,2022-07-22,20.6,20.6,20.2,504140,20.2
AH,2022-07-25,21.1,21.2,20.4,541801,20.4
AH,2022-07-26,20.8,21.1,20.8,362729,21.0
AH,2022-07-27,21.1,21.1,20.8,409227,20.9
AH,2022-08-01,21.5,21.7,21.1,888070,21.1
AH,2022-08-02,21.5,21.7,21.4,269886,21.6
AH,2022-08-03,21.4,21.5,21.2,374544,21.4
AH,2022-08-04,21.7,21.9,21.5,731268,21.7
AH,2022-08-05,21.6,21.9,21.6,344443,21.9
AH,2022-08-08,21.8,21.9,21.5,403119,21.6
AH,2022-08-09,21.7,22.0,21.7,339428,21.8
AH,2022-08-10,21.5,21.8,21.4,577224,21.8
AH,2022-08-11,21.4,21.8,21.3,725253,21.6
AH,2022-08-15,21.2,21.3,21.0,734880,21.3
AH,2022-08-16,23.0,23.2,22.1,4268520,22.2
AH,2022-08-17,23.0,23.2,22.7,1703156,23.0
AH,2022-08-18,24.5,24.8,22.9,5797130,23.0
AH,2022-08-19,24.4,24.8,24.1,4012993,24.4
AH,2022-08-22,24.4,25.25,24.4,3285581,24.4
AH,2022-08-23,24.2,24.6,24.1,1424092,24.5
AH,2022-08-24,24.3,24.6,24.1,1151799,24.1
AH,2022-08-25,24.3,24.6,23.8,2673801,24.3
AH,2022-08-26,24.0,24.5,23.7,4178073,24.3
AH,2022-08-29,23.9,23.9,23.1,4908053,23.2
AH,2022-08-30,24.0,24.2,23.6,1636424,23.7
AH,2022-08-31,25.25,25.5,23.9,7495783,24.0
AH,2022-09-01,25.0,25.25,24.6,2968232,25.25
AH,2022-09-02,27.25,27.5,24.8,14510767,25.0
AH,2022-09-05,26.75,27.75,26.5,9912932,26.75
AH,2022-09-06,27.75,27.75,26.25,4878824,27.0
AH,2022-09-07,26.5,28.5,26.0,9254853,27.75
AH,2022-09-08,28.0,28.25,26.5,4971919,26.75
AH,2022-09-09,28.5,28.75,27.75,5519696,28.25
AH,2022-09-12,31.5,31.5,29.25,15857352,29.5
AH,2022-09-13,31.25,32.0,30.5,8097397,31.75
AH,2022-09-14,32.25,32.5,30.5,4631957,30.75
AH,2022-09-15,30.25,34.25,28.75,23613867,32.0
AH,2022-09-16,30.25,31.0,29.5,5066438,30.25
AH,2022-09-19,30.5,31.75,30.25,3149227,30.5
AH,2022-09-20,31.0,31.75,30.5,2593583,31.0
AH,2022-09-21,30.5,31.25,30.0,1980256,30.75
AH,2022-09-22,31.75,32.0,30.25,3187108,30.75
AH,2022-09-23,31.0,32.0,30.5,2307863,32.0
AH,2022-09-26,29.75,31.0,29.5,2369678,30.75
AH,2022-09-27,30.0,30.75,29.5,2383939,29.5
AH,2022-09-28,30.0,30.25,29.0,2414126,30.0
AH,2022-09-29,29.25,30.75,28.75,2431845,30.25
AH,2022-09-30,29.25,29.25,28.5,1295180,29.0
AH,2022-10-03,27.5,29.0,27.25,3206565,29.0
AH,2022-10-04,27.75,28.5,27.25,2581404,28.25
AH,2022-10-05,29.0,29.5,28.25,3241366,28.5
AH,2022-10-06,30.0,30.25,29.25,2000976,29.25
AH,2022-10-07,29.25,30.0,27.25,5950106,29.75
AH,2022-10-10,28.75,29.25,28.5,790012,28.75
AH,2022-10-11,28.25,29.25,28.25,1197871,28.75
AH,2022-10-12,28.25,28.75,27.75,886523,28.5
AH,2022-10-17,29.25,29.75,28.0,3132568,28.5
AH,2022-10-18,29.0,29.5,28.5,1674761,29.5
AH,2022-10-19,29.5,30.0,28.75,2578984,29.0
AH,2022-10-20,31.0,31.0,28.5,5362814,29.25
AH,2022-10-21,30.5,31.5,30.5,4180708,31.5
AH,2022-10-25,31.25,31.25,29.25,5329448,31.0
AH,2022-10-26,30.5,31.5,30.25,4328284,31.5
AH,2022-10-27,30.25,30.75,30.0,2575714,30.5
AH,2022-10-28,29.75,30.25,29.5,2196674,30.0
AH,2022-10-31,30.25,31.25,30.25,3240919,30.5
AH,2022-11-01,30.5,31.0,30.25,1315615,30.25
AH,2022-11-02,29.5,30.5,29.5,2062989,30.5
AH,2022-11-03,29.25,29.75,28.75,1265236,29.25
AH,2022-11-04,30.25,30.5,29.25,1839034,29.25
AH,2022-11-07,29.75,30.5,29.25,2191985,30.5
AH,2022-11-08,30.0,30.5,29.75,1352893,29.75
AH,2022-11-09,29.25,30.25,28.75,3618711,30.25
AH,2022-11-10,28.75,29.5,28.75,2574945,29.25
AH,2022-11-11,30.25,30.5,29.0,3665893,29.25
AH,2022-11-14,30.5,30.5,29.5,2745165,30.25
AH,2022-11-15,33.0,33.5,31.5,13263779,32.0
AH,2022-11-16,32.5,33.0,31.5,5945862,33.0
AH,2022-11-17,32.0,33.25,31.75,2749543,32.75
AH,2022-11-18,31.0,32.25,29.75,3842064,32.0
AH,2022-11-21,30.75,31.25,30.25,1789843,31.0
AH,2022-11-22,32.0,32.25,30.5,4526971,30.75
AH,2022-11-23,33.0,33.25,31.75,3840722,32.0
AH,2022-11-24,33.25,33.75,32.5,3960125,33.25
AH,2022-11-25,35.0,35.75,33.75,11150282,34.0
AH,2022-11-28,35.25,35.75,34.5,2787413,34.5
AH,2022-11-29,34.5,35.25,34.25,2492281,35.25
AH,2022-11-30,34.5,35.0,33.75,2107765,34.5
AH,2022-12-01,35.0,35.5,34.25,1986955,34.75
AH,2022-12-02,33.25,35.0,33.25,3546035,35.0
AH,2022-12-06,33.75,34.0,32.75,3418414,33.0
AH,2022-12-07,33.75,34.5,33.5,2343490,33.75
AH,2022-12-08,34.0,34.75,33.75,1845722,34.0
AH,2022-12-09,34.0,34.25,33.25,1647345,34.0
AH,2022-12-13,33.25,34.0,32.75,2367967,34.0
AH,2022-12-14,34.0,34.5,33.5,2261397,33.5
AH,2022-12-15,33.0,34.0,32.5,2795059,33.5
AH,2022-12-16,32.75,33.25,32.5,1898096,32.5
AH,2022-12-19,33.0,33.5,32.5,2693595,32.75
AH,2022-12-20,31.75,33.0,31.0,4419714,33.0
AH,2022-12-21,32.0,32.25,31.5,1148171,32.0
AH,2022-12-22,31.0,32.0,31.0,2150260,32.0
AH,2022-12-23,29.5,30.75,29.0,6338682,30.5
AH,2022-12-26,30.0,30.25,29.25,2252547,29.25
AH,2022-12-27,30.25,30.75,29.75,1787918,30.0
AH,2022-12-28,29.5,30.25,29.25,1918420,30.25
AH,2022-12-29,29.75,30.25,29.0,1701685,29.25
AH,2022-12-30,29.75,30.25,29.75,1513797,30.25
AH,2023-01-03,29.5,30.0,29.25,1615714,29.75
AH,2023-01-04,29.0,29.75,28.75,2856609,29.75
AH,2023-01-05,28.75,29.25,28.25,2683678,29.25
AH,2023-01-06,30.0,30.25,28.5,3502779,28.5
AH,2023-01-09,30.5,30.75,29.5,2566209,29.75
AH,2023-01-10,31.0,31.5,30.5,4618568,30.75
AH,2023-01-11,31.25,31.75,31.0,3374442,31.5
AH,2023-01-12,31.0,31.5,30.25,1905975,31.25
AH,2023-01-13,31.25,32.0,31.0,1598650,31.5
AH,2023-01-16,31.0,31.5,31.0,489932,31.5
AH,2023-01-17,32.5,32.75,31.0,4892109,31.0
AH,2023-01-18,32.5,33.0,32.0,1458650,32.5
AH,2023-01-19,33.0,33.0,32.5,1096608,32.5
AH,2023-01-20,32.75,33.0,32.25,918232,32.75
AH,2023-01-23,32.0,33.0,31.75,2285741,33.0
AH,2023-01-24,32.25,32.5,32.0,773381,32.25
AH,2023-01-25,33.25,34.0,32.0,3095250,32.5
AH,2023-01-26,31.75,33.25,31.75,2819041,33.25
AH,2023-01-27,32.5,32.75,32.0,1083123,32.0
AH,2023-01-30,32.5,33.25,32.25,1343805,32.5
AH,2023-01-31,33.0,33.25,32.25,1497517,32.75
AH,2023-02-01,33.5,33.5,32.75,1358624,33.0
AH,2023-02-02,32.75,33.75,32.75,1504276,33.75
AH,2023-02-03,32.25,32.75,32.0,1850308,32.75
AH,2023-02-06,33.0,33.25,32.25,1062782,32.5
AH,2023-02-07,32.75,33.25,32.5,1688685,33.0
AH,2023-02-08,31.75,33.0,31.5,1449205,33.0
AH,2023-02-09,32.0,32.5,31.25,1470035,31.75
AH,2023-02-10,30.75,32.0,30.5,5272428,32.0
AH,2023-02-13,29.5,30.75,29.5,4101687,30.75
AH,2023-02-14,29.75,30.25,29.5,1947585,29.75
AH,2023-02-15,29.25,30.25,29.25,1687626,30.0
AH,2023-02-16,29.25,29.75,29.25,1135870,29.5
AH,2023-02-17,29.25,29.5,28.0,2694283,29.0
AH,2023-02-20,29.5,29.75,28.75,793972,29.0
AH,2023-02-21,30.5,31.0,29.5,2089574,29.5
AH,2023-02-22,30.25,31.25,30.25,1583693,30.75
AH,2023-02-23,30.75,30.75,30.0,696564,30.25
AH,2023-02-24,30.5,31.0,30.25,1541314,30.5
AH,2023-02-27,30.5,31.75,30.25,3434189,30.5
AH,2023-02-28,29.0,30.5,28.75,3959255,30.5
AH,2023-03-01,31.75,33.25,31.25,8723753,31.5
AH,2023-03-02,31.25,32.5,31.25,4177294,31.75
AH,2023-03-03,31.5,32.5,31.25,3532628,31.75
AH,2023-03-07,31.25,31.75,31.0,2236164,31.5
AH,2023-03-08,30.75,31.75,30.75,2366543,31.0
AH,2023-03-09,31.0,32.0,30.5,2921120,31.0
AH,2023-03-10,29.75,31.0,29.5,4579854,30.75
AH,2023-03-13,28.0,29.75,28.0,5896857,29.5
AH,2023-03-14,26.0,27.75,25.5,6949438,27.0
AH,2023-03-15,28.0,28.5,27.25,6046759,27.25
AH,2023-03-16,27.75,28.25,27.0,2968019,27.5
AH,2023-03-17,28.25,28.5,27.5,1435424,28.25
AH,2023-03-20,28.25,28.5,27.25,2922072,28.5
AH,2023-03-21,28.25,28.5,27.75,897628,28.25
AH,2023-03-22,28.25,28.75,28.25,1744306,28.5
AH,2023-03-23,29.25,29.25,28.0,1706980,28.25
AH,2023-03-24,29.25,29.75,29.0,1132127,29.25
AH,2023-03-27,30.25,30.75,29.75,2134439,29.75
AH,2023-03-28,30.75,31.0,30.25,1212711,30.5
AH,2023-03-29,30.75,31.0,30.25,683101,30.75
AH,2023-03-30,31.0,31.25,30.75,992656,30.75
AH,2023-03-31,30.5,31.5,30.5,1646133,31.0
AH,2023-04-03,31.25,31.25,30.75,1105522,31.0
AH,2023-04-04,30.75,31.5,30.5,936498,31.25
AH,2023-04-05,29.75,30.75,29.5,1203463,30.75
AH,2023-04-07,29.5,30.0,29.25,1086781,29.75
AH,2023-04-10,30.25,30.25,29.75,454679,30.0
AH,2023-04-11,31.0,31.0,30.0,1271448,30.5
AH,2023-04-12,31.75,32.25,31.0,3595153,31.0
AH,2023-04-17,32.75,32.75,32.0,3092500,32.0
AH,2023-04-18,33.0,33.25,32.25,3132538,33.0
AH,2023-04-19,32.5,33.25,32.25,2599906,33.0
AH,2023-04-20,32.25,32.75,32.0,1697998,32.5
AH,2023-04-21,31.5,32.25,31.0,1087937,32.0
AH,2023-04-24,32.25,33.0,31.5,1431225,31.5
AH,2023-04-25,31.5,33.0,31.25,1308119,32.25
AH,2023-04-26,32.0,32.25,31.25,827717,31.5
AH,2023-04-27,31.75,32.25,31.5,793010,32.0
AH,2023-04-28,32.0,33.0,31.5,1720719,32.25
AH,2023-05-02,31.25,32.0,31.0,1039133,32.0
AH,2023-05-08,32.5,32.75,32.0,939786,32.0
AH,2023-05-09,33.75,34.0,32.25,2803722,32.5
AH,2023-05-10,33.0,34.25,33.0,2561273,33.5
AH,2023-05-11,33.0,33.25,32.5,1252983,33.25
AH,2023-05-12,33.75,35.0,33.5,6034265,35.0
AH,2023-05-15,33.25,34.0,32.5,2207306,34.0
AH,2023-05-16,35.5,35.5,33.0,5526136,33.25
AH,2023-05-17,35.25,36.25,34.5,3858205,35.5
AH,2023-05-18,35.25,35.75,35.0,1605042,35.5
AH,2023-05-19,34.25,35.25,34.25,1362399,35.25
AH,2023-05-22,34.5,34.5,32.75,1933234,34.25
AH,2023-05-23,34.75,35.0,34.25,887482,34.75
AH,2023-05-24,34.0,35.0,34.0,1286058,34.5
AH,2023-05-25,34.0,34.5,33.75,554612,34.0
AH,2023-05-26,34.75,35.25,34.0,2240493,34.0
AH,2023-05-29,34.75,35.25,34.25,1301080,35.0
AH,2023-05-30,37.5,37.5,35.0,6945062,35.0
AH,2023-05-31,37.75,38.25,37.0,3716052,37.5
AH,2023-06-01,37.0,37.75,36.5,2882866,37.75
AH,2023-06-02,37.25,37.75,36.75,1678795,37.25
AH,2023-06-06,37.5,37.75,36.25,1805595,37.25
AH,2023-06-07,39.25,39.25,37.5,4594579,38.0
AH,2023-06-08,36.5,37.75,27.75,88779944,34.0
AH,2023-06-09,34.5,37.25,34.25,15050320,36.75
AH,2023-06-12,35.25,36.25,34.75,7101473,34.75
AH,2023-06-13,35.0,35.75,34.75,2693989,35.25
AH,2023-06-14,34.5,35.25,33.75,3241733,35.0
AH,2023-06-15,34.75,35.25,34.5,1501200,34.75
AH,2023-06-16,34.5,35.0,34.0,2379884,34.75
AH,2023-06-19,33.5,34.25,33.5,1960381,34.0
AH,2023-06-20,33.0,34.0,32.75,1808891,33.25
AH,2023-06-21,32.75,33.0,32.25,2218095,33.0
AH,2023-06-22,33.25,33.75,32.25,2011971,32.75
AH,2023-06-23,32.25,33.0,32.25,2130807,33.0
AH,2023-06-26,30.5,32.5,30.5,4480622,32.25
AH,2023-06-27,32.25,32.5,30.75,3038977,30.75
AH,2023-06-28,32.25,33.0,32.0,1908906,32.75
AH,2023-06-29,33.75,34.0,32.25,2101528,32.25
AH,2023-06-30,34.75,34.75,33.5,1611370,33.75
AH,2023-07-03,35.0,35.0,33.5,1996535,34.5
AH,2023-07-04,34.5,35.0,34.25,689571,34.75
AH,2023-07-05,35.0,35.25,34.25,1140707,34.75
AH,2023-07-06,35.0,35.25,34.5,1311614,35.0
AH,2023-07-07,35.75,35.75,34.75,1701433,34.75
AH,2023-07-10,35.0,35.5,34.75,970248,35.5
AH,2023-07-11,34.75,35.5,34.5,727322,35.25
AH,2023-07-12,33.0,34.75,33.0,2460627,34.75
AH,2023-07-13,33.5,34.0,33.0,572721,33.25
AH,2023-07-14,34.0,34.5,33.25,1150979,33.75
AH,2023-07-17,34.0,34.25,33.5,765231,33.75
AH,2023-07-18,33.75,34.5,33.5,707874,33.75
AH,2023-07-19,34.0,34.5,33.25,1321617,33.75
AH,2023-07-20,33.0,34.0,33.0,1231680,34.0
AH,2023-07-21,32.5,33.25,32.25,1466308,33.0
AH,2023-07-24,32.25,33.0,32.0,580271,32.5
AH,2023-07-25,33.25,33.25,32.25,844875,32.25
AH,2023-07-26,32.5,33.25,32.5,708301,33.25
AH,2023-07-27,32.75,33.25,32.5,587814,32.5
AH,2023-07-31,33.25,33.25,32.25,1372131,33.0
AH,2023-08-02,32.25,33.25,32.25,1246909,33.0
AH,2023-08-03,31.75,32.5,31.5,1425488,32.25
AH,2023-08-04,32.75,33.25,31.75,801428,31.75
AH,2023-08-07,32.5,33.0,32.25,418802,32.25
AH,2023-08-08,32.25,32.75,32.25,386158,32.5
AH,2023-08-09,32.5,32.5,32.0,466322,32.25
AH,2023-08-10,32.75,32.75,32.25,391310,32.5
AH,2023-08-11,33.0,33.0,32.5,551183,32.75
AH,2023-08-15,32.0,32.75,32.0,1176654,32.75
AH,2023-08-16,32.0,32.25,31.75,901046,32.25
AH,2023-08-17,33.25,33.5,32.25,1231633,32.25
AH,2023-08-18,34.5,34.75,33.25,2423502,33.5
AH,2023-08-21,34.0,34.75,33.75,595171,34.5
AH,2023-08-22,34.0,34.5,33.75,672229,34.25
AH,2023-08-23,34.0,34.75,34.0,933715,34.25
AH,2023-08-24,34.25,35.0,34.0,1579556,34.25
AH,2023-08-25,35.0,35.0,34.0,1188315,34.25
AH,2023-08-28,34.75,35.5,34.5,2442121,35.25
AH,2023-08-29,34.5,34.5,33.75,1509948,33.75
AH,2023-08-30,34.75,35.75,34.75,3340667,35.0
AH,2023-08-31,36.0,36.25,35.0,5982778,35.0
AH,2023-09-01,36.0,36.5,35.5,1973637,36.25
AH,2023-09-04,35.5,36.75,35.5,3112791,35.75
AH,2023-09-05,36.25,36.75,35.0,2147538,35.5
AH,2023-09-06,35.75,36.25,35.25,1209001,35.75
AH,2023-09-07,36.0,36.25,35.5,695849,35.75
AH,2023-09-08,36.0,36.25,35.5,947282,36.0
AH,2023-09-11,37.25,37.5,36.5,4489345,36.5
AH,2023-09-12,37.0,37.0,36.5,500432,36.75
AH,2023-09-13,35.75,36.75,35.75,1516890,36.75
AH,2023-09-14,36.75,37.0,35.5,1263743,35.75
AH,2023-09-15,36.5,37.0,36.25,745751,37.0
AH,2023-09-18,36.25,36.5,36.0,535177,36.5
AH,2023-09-19,35.75,36.5,35.75,246607,36.25
AH,2023-09-20,35.0,36.0,35.0,1195334,35.75
AH,2023-09-21,35.0,35.25,34.25,1130573,34.75
AH,2023-09-22,34.75,35.0,34.5,528628,34.75
AH,2023-09-25,33.75,35.0,33.5,1871397,34.75
AH,2023-09-26,33.5,34.25,33.5,1142667,33.75
AH,2023-09-27,34.5,34.75,33.5,1592556,33.5
AH,2023-09-28,34.0,34.75,34.0,824833,34.5
AH,2023-09-29,33.75,34.25,33.75,381671,34.0
AH,2023-10-02,33.75,34.75,33.5,806922,34.0
AH,2023-10-03,33.0,33.75,32.5,2120049,33.5
AH,2023-10-04,33.25,33.25,32.5,370621,32.5
AH,2023-10-05,33.0,33.75,32.75,1215808,33.75
AH,2023-10-06,32.5,33.25,32.25,1196130,33.25
AH,2023-10-09,33.5,34.0,32.5,1622354,32.5
AH,2023-10-10,34.5,34.5,33.25,972805,33.75
AH,2023-10-11,33.75,34.5,33.75,1081615,34.5
AH,2023-10-12,34.25,34.25,33.75,502114,34.0
AH,2023-10-16,33.25,34.0,32.5,2375869,34.0
AH,2023-10-17,32.5,33.5,32.5,1293161,33.25
AH,2023-10-18,31.25,33.0,31.0,3699474,32.75
AH,2023-10-19,31.25,32.0,31.0,772365,31.25
AH,2023-10-20,30.25,31.75,30.25,1716894,31.75
AH,2023-10-24,30.75,30.75,29.75,783201,30.25
AH,2023-10-25,31.25,32.0,30.75,790760,30.75
AH,2023-10-26,30.0,31.0,29.75,1585349,31.0
AH,2023-10-27,29.75,30.5,29.0,1442309,30.5
AH,2023-10-30,29.25,30.0,28.75,1390423,29.75
AH,2023-10-31,28.0,29.5,28.0,1757372,29.5
AH,2023-11-01,28.5,29.25,28.0,1821064,28.25
AH,2023-11-02,30.0,30.25,28.5,1568133,28.75
AH,2023-11-03,31.0,31.0,30.0,1172521,30.5
AH,2023-11-06,30.25,31.25,30.25,888483,31.25
AH,2023-11-07,30.0,30.5,30.0,478482,30.25
AH,2023-11-08,30.25,30.5,30.0,259660,30.25
AH,2023-11-09,30.0,30.25,29.5,504847,30.25
AH,2023-11-10,29.75,30.5,29.25,672097,30.0
AH,2023-11-13,30.25,30.25,29.25,596506,29.75
AH,2023-11-14,29.5,30.25,29.25,655829,30.25
AH,2023-11-15,30.25,30.25,29.75,609621,30.0
AH,2023-11-16,29.75,30.25,29.0,708135,30.0
AH,2023-11-17,29.25,30.0,28.75,1480724,29.75
AH,2023-11-20,29.0,29.25,28.75,795592,29.0
AH,2023-11-21,28.5,29.25,28.25,2420877,29.25
AH,2023-11-22,28.75,29.0,28.5,629882,28.75
AH,2023-11-23,29.0,29.25,28.5,961825,28.75
AH,2023-11-24,28.5,29.0,28.25,981144,29.0
AH,2023-11-27,27.75,28.5,27.5,2502365,28.5
AH,2023-11-28,27.75,28.5,27.75,1511765,28.25
AH,2023-11-29,27.25,28.0,27.25,1619266,28.0
AH,2023-11-30,27.25,27.75,27.0,1766725,27.5
AH,2023-12-01,27.5,27.75,27.25,610621,27.25
AH,2023-12-04,27.0,27.5,26.5,1407704,27.5
AH,2023-12-06,27.75,28.0,27.0,734703,27.0
AH,2023-12-07,27.25,27.75,27.0,825368,27.5
AH,2023-12-08,26.5,27.5,26.5,2297292,27.5
AH,2023-12-12,26.25,27.0,26.0,2222473,26.75
AH,2023-12-13,26.75,27.25,26.0,2495135,26.25
AH,2023-12-14,27.5,27.75,27.0,1918430,27.25
AH,2023-12-15,27.75,28.0,27.5,1115858,27.75
AH,2023-12-18,27.5,27.75,27.0,1396815,27.75
AH,2023-12-19,27.0,27.75,26.75,2092063,27.25
AH,2023-12-20,27.0,27.5,26.75,2430331,27.0
AH,2023-12-21,27.5,27.75,26.75,845147,27.0
AH,2023-12-22,27.0,27.5,26.75,799376,27.5
AH,2023-12-25,27.5,27.5,27.0,329463,27.0
AH,2023-12-26,27.25,27.5,27.0,409227,27.5
AH,2023-12-27,27.75,28.25,27.25,1419668,27.25
AH,2023-12-28,28.0,28.0,27.5,933730,27.75
AH,2024-01-02,28.5,28.5,27.75,1343842,28.0
AH,2024-01-03,29.25,29.75,29.25,2539316,29.5
AH,2024-01-04,29.0,29.75,28.75,1466114,29.25
AH,2024-01-05,28.25,29.0,28.0,2285253,29.0
AH,2024-01-08,27.5,28.25,27.5,1800467,28.25
AH,2024-01-09,27.25,28.0,27.25,757242,27.75
AH,2024-01-10,28.25,28.5,27.25,1330170,27.25
AH,2024-01-11,28.25,28.5,27.75,1016000,28.25
AH,2024-01-12,28.75,29.0,28.25,993526,28.25
AH,2024-01-15,29.0,29.5,28.5,1424222,29.0
AH,2024-01-16,29.5,29.5,28.75,1338819,29.25
AH,2024-01-17,29.0,29.75,28.25,3738727,29.25
AH,2024-01-18,29.75,29.75,28.75,1553116,29.0
AH,2024-01-19,30.5,30.5,29.75,1935523,30.0
AH,2024-01-22,29.25,30.5,29.0,1250484,30.5
AH,2024-01-23,29.0,29.25,27.5,5877647,29.25
AH,2024-01-24,29.25,29.5,28.5,1292362,28.75
AH,2024-01-25,28.5,29.25,28.5,561120,29.25
AH,2024-01-26,28.25,28.75,28.0,828399,28.5
AH,2024-01-29,29.0,29.5,28.25,1366921,28.5
AH,2024-01-30,29.0,29.25,28.5,1531493,29.0
AH,2024-01-31,29.25,29.5,28.25,1732675,29.0
AH,2024-02-01,28.5,29.25,28.5,1084965,29.25
AH,2024-02-02,28.5,29.0,28.5,396030,28.5
AH,2024-02-05,28.0,29.0,28.0,1247572,28.75
AH,2024-02-06,28.5,28.5,28.0,281614,28.0
AH,2024-02-07,28.5,28.5,28.0,1211007,28.5
AH,2024-02-08,27.25,28.0,27.25,2764895,28.0
AH,2024-02-09,26.25,27.5,25.75,5699264,27.25
AH,2024-02-12,26.0,26.5,26.0,1655933,26.0
AH,2024-02-13,26.5,26.75,26.0,1088061,26.0
AH,2024-02-14,25.25,26.25,25.0,4086958,26.0
AH,2024-02-15,25.25,25.5,24.7,2753787,25.25
AH,2024-02-16,24.9,25.5,24.8,1083304,25.5
AH,2024-02-19,25.75,25.75,24.9,829086,24.9
AH,2024-02-20,25.25,26.0,25.25,884630,25.75
AH,2024-02-21,24.2,25.25,24.1,4866043,25.25
AH,2024-02-22,25.25,25.25,24.2,1837254,24.3
AH,2024-02-23,24.8,26.0,24.7,7578788,25.25
AH,2024-02-27,24.9,25.0,24.5,863847,24.9
AH,2024-02-28,24.1,24.8,24.1,2264691,24.8
AH,2024-02-29,23.8,24.4,23.8,1215860,24.1
AH,2024-03-01,23.9,24.0,23.1,2556646,23.5
AH,2024-03-04,23.1,24.1,23.1,2675010,24.0
AH,2024-03-05,22.7,23.3,22.5,2306622,23.3
AH,2024-03-06,23.0,23.4,22.6,1329058,22.6
AH,2024-03-07,23.2,23.6,23.0,2316633,23.1
AH,2024-03-08,23.5,23.7,23.1,1024316,23.2
AH,2024-03-11,23.2,23.6,23.2,1374767,23.6
AH,2024-03-12,22.8,23.4,22.7,1685997,23.2
AH,2024-03-13,22.9,23.3,22.9,2206023,23.2
AH,2024-03-14,22.5,22.6,22.1,1864695,22.1
AH,2024-03-15,22.3,22.8,22.2,1406927,22.6
AH,2024-03-18,22.3,22.5,21.9,2526992,22.4
AH,2024-03-19,22.3,22.5,22.2,619680,22.2
AH,2024-03-20,22.3,22.5,22.3,641804,22.4
AH,2024-03-21,22.9,23.1,22.4,1837087,22.4
AH,2024-03-22,22.6,23.2,22.6,1027238,22.9
AH,2024-03-25,22.4,22.7,22.3,1198658,22.6
AH,2024-03-26,22.3,22.5,22.2,1582959,22.4
AH,2024-03-27,22.2,22.5,22.2,812860,22.3
AH,2024-03-28,21.9,22.3,21.9,2800820,22.3
AH,2024-03-29,21.1,22.1,21.0,5152109,22.0
AH,2024-04-01,22.1,22.3,21.0,3025849,21.2
AH,2024-04-02,22.3,22.5,21.9,2092078,21.9
AH,2024-04-03,22.4,22.7,22.4,2162252,22.4
AH,2024-04-04,22.4,22.6,22.3,1515510,22.4
AH,2024-04-05,22.6,22.8,22.4,1157374,22.4
AH,2024-04-09,23.3,23.3,22.7,1790534,22.7
AH,2024-04-10,23.6,23.7,23.2,1213486,23.2
AH,2024-04-11,23.2,23.6,23.1,1892364,23.6
AH,2024-04-17,22.6,23.1,22.4,2324264,23.1
AH,2024-04-18,22.5,22.8,22.2,2167621,22.7
AH,2024-04-19,22.2,22.5,21.9,2886118,22.2
AH,2024-04-22,22.6,22.7,22.3,524950,22.4
AH,2024-04-23,22.5,22.8,22.4,730533,22.7
AH,2024-04-24,21.9,22.6,21.3,3668906,22.6
AH,2024-04-25,21.7,22.3,21.6,2090426,22.0
AH,2024-04-26,21.4,21.9,21.4,2153646,21.7
AH,2024-04-29,21.7,21.8,21.4,420214,21.5
AH,2024-04-30,21.5,21.7,21.3,1316815,21.6
AH,2024-05-02,21.1,21.5,21.1,1406212,21.5
AH,2024-05-03,21.1,21.5,21.0,879515,21.2
AH,2024-05-07,21.1,21.3,21.0,1227185,21.1
AH,2024-05-08,20.7,21.2,20.7,1333534,21.2
AH,2024-05-09,20.6,21.1,20.6,938134,20.8
AH,2024-05-10,20.3,20.7,20.3,1559684,20.6
AH,2024-05-13,20.5,20.5,20.1,486335,20.4
AH,2024-05-14,20.4,20.7,20.2,755052,20.5
AH,2024-05-15,20.3,20.9,20.0,2426087,20.8
AH,2024-05-16,20.3,20.6,19.9,2989745,20.3
AH,2024-05-17,21.3,21.3,20.3,3768254,20.3
AH,2024-05-20,21.0,21.6,20.9,2661390,21.5
AH,2024-05-21,21.1,21.2,20.8,1241984,21.1
AH,2024-05-23,20.9,21.3,20.9,1353737,21.0
AH,2024-05-24,21.3,21.4,20.7,1727593,20.9
AH,2024-05-27,22.0,22.3,21.3,2968996,21.3
AH,2024-05-28,21.8,22.3,21.7,1636375,22.0
AH,2024-05-29,21.3,21.8,21.2,1464632,21.7
AH,2024-05-30,21.5,21.5,20.9,1214731,21.2
AH,2024-05-31,21.9,22.2,21.5,1923549,21.5
AH,2024-06-04,21.8,22.0,21.6,1264267,22.0
AH,2024-06-05,21.8,21.9,21.2,1458990,21.8
AH,2024-06-06,21.4,21.8,21.4,827113,21.8
AH,2024-06-07,21.2,21.6,20.9,1413619,21.4
AH,2024-06-10,20.6,21.2,20.5,1513662,21.2
AH,2024-06-11,20.7,20.7,20.4,530236,20.6
AH,2024-06-12,20.6,20.8,20.3,473861,20.8
AH,2024-06-13,20.4,20.7,20.2,630872,20.7
AH,2024-06-14,20.3,20.8,20.3,930727,20.4
AH,2024-06-17,20.2,20.3,20.0,764268,20.2
AH,2024-06-18,20.2,20.4,20.0,759656,20.2
AH,2024-06-19,19.8,20.2,19.4,1987564,20.2
AH,2024-06-20,19.6,19.8,19.6,371219,19.7
AH,2024-06-21,19.7,19.8,19.4,952042,19.6
AH,2024-06-24,20.1,20.2,19.5,748980,19.6
AH,2024-06-25,20.9,21.1,20.2,1407954,20.2
AH,2024-06-26,20.8,21.0,20.7,283483,21.0
AH,2024-06-27,20.2,20.8,20.1,617186,20.8
AH,2024-06-28,20.3,20.4,19.8,752592,20.3
AH,2024-07-01,19.6,20.4,19.6,994749,20.3
AH,2024-07-02,19.1,19.6,18.9,1182482,19.6
AH,2024-07-03,19.2,19.4,19.0,335136,19.0
AH,2024-07-04,19.2,19.5,19.1,753733,19.3
AH,2024-07-05,19.5,19.5,19.0,405142,19.1
AH,2024-07-08,19.4,19.5,19.3,183600,19.5
AH,2024-07-09,19.3,19.5,19.0,787881,19.3
AH,2024-07-10,19.0,19.2,18.9,587039,19.2
AH,2024-07-11,18.6,19.1,18.5,1083268,19.1
AH,2024-07-12,18.5,18.6,18.4,3343460,18.5
AH,2024-07-15,17.2,18.5,17.1,1854798,18.5
AH,2024-07-16,16.7,17.0,16.5,1358550,16.9
AH,2024-07-17,17.0,17.4,16.7,724103,16.7
AH,2024-07-18,16.8,17.3,16.7,614899,17.2
AH,2024-07-19,16.7,16.9,16.6,257190,16.8
AH,2024-07-23,16.2,16.8,16.2,555724,16.8
AH,2024-07-24,16.4,16.5,16.0,301655,16.0
AH,2024-07-25,16.1,16.4,16.1,213483,16.3
AH,2024-07-26,16.2,16.2,16.0,163809,16.2
AH,2024-07-30,15.9,16.5,15.9,935893,16.2
AH,2024-07-31,16.0,16.2,15.9,216068,16.0
AH,2024-08-01,16.1,16.2,16.0,237366,16.0
AH,2024-08-02,15.8,16.0,15.8,418672,16.0
AH,2024-08-05,15.0,15.8,15.0,712414,15.8
AH,2024-08-06,15.0,15.3,15.0,238142,15.1
AH,2024-08-07,15.0,15.3,14.9,374803,15.0
AH,2024-08-08,15.0,15.4,15.0,779851,15.0
AH,2024-08-09,15.2,15.4,15.1,376635,15.1
AH,2024-08-13,14.8,15.3,14.8,1043171,15.1
AH,2024-08-14,15.3,15.4,14.8,923759,14.9
AH,2024-08-15,15.4,15.5,14.9,629301,15.4
AH,2024-08-16,17.1,17.2,15.5,2155070,15.5
AH,2024-08-19,18.2,18.3,17.1,1054436,17.2
AH,2024-08-20,18.4,18.6,18.0,607194,18.2
AH,2024-08-21,19.2,19.4,18.4,1387446,18.6
AH,2024-08-22,19.3,19.4,19.0,562237,19.2
AH,2024-08-23,19.8,19.9,19.2,583219,19.2
AH,2024-08-26,19.8,20.2,19.5,1024557,19.9
AH,2024-08-27,19.7,20.0,19.4,1094739,19.4
AH,2024-08-28,19.4,19.8,19.2,507934,19.6
AH,2024-08-29,19.4,19.6,18.6,1229434,19.3
AH,2024-08-30,19.3,19.6,19.2,284907,19.2
AH,2024-09-02,19.2,19.6,19.0,487205,19.0
AH,2024-09-03,19.7,19.7,19.2,433145,19.2
AH,2024-09-04,19.4,19.8,19.3,424062,19.6
AH,2024-09-05,19.5,19.6,19.3,318634,19.4
AH,2024-09-06,19.6,19.9,19.4,661666,19.5
AH,2024-09-09,19.8,20.0,19.4,906964,19.7
AH,2024-09-10,20.1,20.3,19.8,611657,19.8
AH,2024-09-11,19.8,20.1,19.5,815873,20.0
AH,2024-09-12,19.9,20.0,19.5,388101,20.0
AH,2024-09-13,20.1,20.3,19.8,653602,19.9
AH,2024-09-16,20.4,20.4,19.9,752322,20.1
AH,2024-09-17,21.2,21.2,20.4,1356119,20.5
AH,2024-09-18,22.0,22.0,21.1,2043546,21.1
AH,2024-09-19,22.3,22.6,21.8,1400371,22.1
AH,2024-09-20,22.2,22.5,21.9,861534,22.5
AH,2024-09-23,21.6,22.2,21.2,1142465,22.2
AH,2024-09-24,21.8,21.9,21.3,870340,21.6
AH,2024-09-25,21.8,22.0,21.5,400353,21.5
AH,2024-09-26,21.6,21.8,21.4,539125,21.8
AH,2024-09-27,20.9,21.6,20.9,1330424,21.6
AH,2024-09-30,21.4,21.5,20.7,1121501,20.9
AH,2024-10-01,22.3,22.3,21.3,1702952,21.4
AH,2024-10-02,22.4,22.5,22.0,1194653,22.3
AH,2024-10-03,22.1,22.4,21.8,714930,22.4
AH,2024-10-04,22.2,22.4,21.9,1075474,22.0
AH,2024-10-07,23.0,23.2,22.0,2383912,22.0
AH,2024-10-08,22.3,23.1,22.2,1313079,22.9
AH,2024-10-09,22.3,22.4,22.1,622645,22.3
AH,2024-10-10,22.3,22.4,21.5,924664,22.3
AH,2024-10-11,22.3,22.4,21.8,962925,22.3
AH,2024-10-15,21.3,22.4,21.2,1172970,22.4
AH,2024-10-16,22.9,22.9,21.0,2992369,21.2
AH,2024-10-17,22.2,22.9,22.2,625405,22.6
AH,2024-10-18,21.7,22.3,21.7,402423,22.3
AH,2024-10-21,21.7,21.9,21.7,102145,21.7
AH,2024-10-22,21.3,21.7,21.1,341089,21.7
AH,2024-10-24,21.3,21.4,21.2,78350,21.2
AH,2024-10-25,21.0,21.3,20.9,241113,21.3
AH,2024-10-29,19.6,20.2,19.5,532411,20.2
AH,2024-10-30,19.6,19.7,19.5,83923,19.5
AH,2024-10-31,19.9,19.9,19.6,81017,19.7
AH,2024-11-01,19.5,20.0,19.5,117750,20.0
AH,2024-11-04,19.1,19.5,19.0,183314,19.4
AH,2024-11-05,19.3,19.3,19.0,52610,19.1
AH,2024-11-06,18.8,19.4,18.8,182392,19.4
AH,2024-11-07,17.9,18.9,17.9,770083,18.9
AH,2024-11-08,18.0,18.2,17.8,62104,17.9
AH,2024-11-11,18.0,18.4,17.7,134170,18.0
AH,2024-11-12,17.8,18.0,17.5,91355,18.0
AH,2024-11-13,18.9,19.0,18.0,408514,18.0
AH,2024-11-14,19.4,20.0,18.8,741750,19.0
AH,2024-11-15,19.8,20.0,19.2,795797,19.4
AH,2024-11-18,19.6,20.0,19.5,715040,19.6
AH,2024-11-19,19.7,20.1,19.5,890944,19.8
AH,2024-11-20,18.6,19.5,18.6,502051,19.5
AH,2024-11-21,18.7,18.9,18.6,221059,18.6
AH,2024-11-22,18.5,18.9,18.5,182482,18.6
AH,2024-11-26,18.2,18.2,17.9,167274,18.1
AH,2024-11-27,18.3,18.4,18.1,78488,18.4
AH,2024-11-28,18.2,18.3,18.1,40213,18.3
AH,2024-11-29,18.0,18.1,17.8,226468,18.1
AH,2024-12-02,17.9,18.0,17.7,206582,18.0
AH,2024-12-03,17.9,18.0,17.7,242952,17.8
AH,2024-12-04,17.9,18.0,17.8,154153,17.8
AH,2024-12-06,17.9,17.9,17.7,204962,17.8
AH,2024-12-09,17.3,17.8,17.2,318466,17.8
AH,2024-12-11,16.7,17.3,16.7,405614,17.3
AH,2024-12-12,16.6,16.8,16.2,471220,16.7
AH,2024-12-12,16.6,16.8,16.2,471220,16.7
AH,2024-12-13,16.2,16.6,16.0,475691,16.6
AH,2024-12-16,15.2,15.7,15.0,1314628,15.6
AH,2024-12-17,14.8,15.3,14.8,791626,15.3
AH,2024-12-20,14.8,15.0,14.3,495712,15.0
AH,2024-12-23,15.0,15.0,14.5,129986,14.8
AH,2024-12-24,16.2,16.3,15.1,770142,15.1
AH,2024-12-25,16.6,16.9,16.2,495799,16.2
AH,2024-12-26,16.3,16.8,16.1,179052,16.7
AH,2024-12-27,16.4,16.7,16.1,285643,16.4
AH,2024-12-30,16.3,16.4,16.2,29101,16.4
AH,2025-01-02,15.9,16.3,15.9,59694,16.3
AH,2025-01-03,15.8,16.0,15.8,21433,16.0
AH,2025-01-06,15.4,15.8,15.4,48119,15.8
AH,2025-01-07,15.5,15.8,15.3,77714,15.3
AH,2025-01-08,15.4,15.6,15.3,120423,15.6
AH,2025-01-09,15.1,15.6,15.1,173010,15.6
AH,2025-01-10,15.0,15.4,15.0,117586,15.1
AH,2025-01-13,15.0,15.5,15.0,67716,15.5
AH,2025-01-14,15.1,15.4,14.9,123712,15.0
AH,2025-01-15,15.3,15.3,15.1,98700,15.1
AH,2025-01-16,15.0,15.3,15.0,137002,15.3
AH,2025-01-17,15.0,15.3,14.9,142106,15.0
AH,2025-01-20,14.9,15.2,14.9,48377,15.0
AH,2025-01-21,14.9,15.2,14.9,139043,14.9
AH,2025-01-22,14.2,15.0,14.0,296290,14.9
AH,2025-01-23,14.1,14.4,13.9,484679,14.3
AH,2025-01-24,13.8,14.0,13.7,441483,14.0
AH,2025-01-27,14.3,14.7,13.9,222635,13.9
AH,2025-01-28,14.7,14.8,14.5,147563,14.5
AH,2025-01-28,14.7,14.8,14.5,147563,14.5
AH,2025-01-29,14.8,15.1,14.5,160882,14.7
AH,2025-01-30,14.6,14.9,14.6,28024,14.8
AH,2025-01-31,14.3,14.8,14.3,62115,14.7
AH,2025-02-03,14.2,14.4,14.0,84307,14.2
AH,2025-02-04,14.0,14.4,14.0,73045,14.3
AH,2025-02-05,13.9,14.5,13.9,100344,14.3
AH,2025-02-06,13.8,14.0,13.8,189299,14.0
AH,2025-02-07,14.6,14.8,13.7,299358,13.8
AH,2025-02-10,14.1,14.6,14.1,98583,14.6
AH,2025-02-11,14.0,14.2,14.0,71623,14.2
AH,2025-02-13,13.9,14.3,13.9,47400,14.1
AH,2025-02-14,14.0,14.1,14.0,26137,14.0
AH,2025-02-17,14.2,14.4,14.1,37059,14.1
AH,2025-02-18,14.1,14.3,14.0,134721,14.3
AH,2025-02-19,14.1,14.4,14.1,139651,14.2
AH,2025-02-20,14.0,14.4,13.9,1926266,14.1
AH,2025-02-21,14.0,14.0,13.9,339069,14.0
AH,2025-02-24,13.9,14.0,13.7,390091,14.0
AH,2025-02-25,13.4,13.9,13.3,777020,13.9
AH,2025-02-26,13.8,13.8,13.4,142670,13.4
AH,2025-02-27,13.6,13.8,13.6,178139,13.7
AH,2025-02-28,13.5,14.1,13.5,506903,13.7
AH,2025-03-03,12.7,13.7,12.6,712721,13.7
AH,2025-03-04,12.4,12.8,12.2,480248,12.8
AH,2025-03-05,12.9,12.9,12.3,453514,12.3
AH,2025-03-06,12.7,13.0,12.6,133417,13.0
AH,2025-03-07,12.6,12.7,12.4,273484,12.7
AH,2025-03-10,12.4,12.7,12.4,290541,12.6
AH,2025-03-11,12.5,12.8,12.4,240509,12.4
AH,2025-03-12,12.5,12.8,12.4,223459,12.7
AH,2025-03-13,12.1,12.3,12.0,219786,12.1
AH,2025-03-14,12.2,12.2,12.0,87732,12.1
AH,2025-03-17,12.3,12.4,12.2,92501,12.4
AH,2025-03-18,12.4,12.4,12.1,160434,12.3
AH,2025-03-19,12.7,12.7,12.4,229323,12.6
AH,2025-03-20,12.9,12.9,12.6,217175,12.7
AH,2025-03-21,12.7,12.9,12.5,195751,12.9
AH,2025-03-24,12.7,12.7,12.5,65095,12.6
AH,2025-03-25,12.8,12.8,12.6,63026,12.7
AH,2025-03-26,12.8,12.9,12.7,52058,12.7
AH,2025-03-27,12.8,13.2,12.7,67302,13.2
AH,2025-03-28,12.7,12.8,12.6,15458,12.7
AH,2025-03-31,12.5,12.6,12.2,118864,12.4
AH,2025-04-01,12.5,12.6,12.3,72648,12.5
AH,2025-04-02,12.4,12.4,12.2,64515,12.4
AH,2025-04-03,12.2,12.2,11.9,134689,12.1
AH,2025-04-04,11.7,12.0,11.2,313128,12.0
AH,2025-04-08,10.6,11.2,10.0,471068,11.2
AH,2025-04-09,10.5,10.9,10.4,119151,10.9
AH,2025-04-10,11.0,11.2,10.8,239359,10.8
AH,2025-04-11,10.8,11.0,10.5,103512,10.8
AH,2025-04-16,11.0,11.1,10.8,98162,11.1
AH,2025-04-17,11.2,11.3,10.9,57234,10.9
AH,2025-04-18,11.6,11.6,11.1,91616,11.2
AH,2025-04-21,11.6,11.6,11.3,91632,11.4
AH,2025-04-22,11.7,11.7,11.4,47974,11.5
AH,2025-04-23,11.6,11.8,11.6,21837,11.7
AH,2025-04-24,11.9,11.9,11.7,67010,11.8
AH,2025-04-25,11.9,12.1,11.9,106167,11.9
AH,2025-04-28,12.1,12.1,11.8,286276,12.0
AH,2025-04-29,12.1,12.2,11.8,111709,12.2
AH,2025-04-30,12.0,12.1,11.9,180146,11.9
AH,2025-05-02,12.0,12.2,11.9,85991,12.1
AH,2025-05-06,12.1,12.1,11.9,266205,12.1
AH,2025-05-07,12.1,12.5,12.0,340168,12.5
AH,2025-05-08,12.0,12.3,12.0,220003,12.1
AH,2025-05-09,12.1,12.2,12.0,101949,12.1
AH,2025-05-13,12.2,12.4,12.1,185705,12.4
AH,2025-05-14,12.4,12.4,12.2,86263,12.3
AH,2025-05-15,13.7,14.2,12.9,1883081,13.0
AH,2025-05-16,13.7,14.3,13.7,541670,13.8
AH,2025-05-19,14.2,14.2,13.8,390639,14.2
AH,2025-05-20,13.9,14.2,13.9,247750,14.2
AH,2025-05-21,14.1,14.2,14.0,196869,14.0
AH,2025-05-22,14.5,14.5,14.1,353126,14.1
AH,2025-05-23,15.0,15.2,14.7,353403,14.7
AH,2025-05-26,15.0,15.0,14.8,101602,15.0
AH,2025-05-27,14.0,15.0,13.6,658995,15.0
AH,2025-05-28,13.7,14.3,13.5,172451,14.3
AH,2025-05-29,13.9,14.0,13.6,158090,13.7
AH,2025-05-30,13.6,14.1,13.5,210713,13.9
AH,2025-06-04,13.8,13.8,13.6,71422,13.6
AH,2025-06-05,13.9,13.9,13.7,21402,13.9
AH,2025-06-06,13.6,13.9,13.6,43106,13.9
AH,2025-06-09,13.8,13.8,13.6,21355,13.6
AH,2025-06-10,13.7,13.9,13.6,96820,13.9
AH,2025-06-11,13.7,13.7,13.6,50702,13.7
AH,2025-06-12,13.7,13.7,13.5,105811,13.6
AH,2025-06-13,13.7,13.7,13.5,17206,13.7
AH,2025-06-16,13.3,13.5,13.2,85734,13.5
AH,2025-06-17,13.4,13.4,13.2,37780,13.3
AH,2025-06-18,13.3,13.5,13.2,30601,13.2
AH,2025-06-19,13.3,13.3,13.1,91440,13.3
AH,2025-06-20,13.2,13.4,13.2,97839,13.2
AH,2025-06-23,12.9,13.2,12.8,57811,13.2
AH,2025-06-24,13.3,13.4,13.0,50622,13.1
AH,2025-06-25,13.2,13.3,12.9,130259,13.3
AH,2025-06-26,13.3,13.7,13.2,129503,13.2
AH,2025-06-27,13.5,13.5,13.3,34001,13.4
AH,2025-06-30,13.1,13.5,13.1,93702,13.4
AH,2025-07-01,13.4,13.4,13.1,30510,13.1
AH,2025-07-02,13.5,13.5,13.3,43004,13.3
AH,2025-07-03,13.6,13.8,13.3,94456,13.5
AH,2025-07-04,13.7,13.8,13.6,53210,13.7
AH,2025-07-07,13.8,13.8,13.4,92983,13.6
AH,2025-07-08,13.8,13.9,13.6,63700,13.7
AH,2025-07-09,13.9,13.9,13.8,52047,13.9
AH,2025-07-11,14.1,14.1,13.8,77106,14.1
AH,2025-07-14,14.2,14.3,14.0,93019,14.2
AH,2025-07-15,14.4,14.4,14.2,95207,14.4
AH,2025-07-16,14.4,14.5,14.3,25231,14.4
AH,2025-07-17,14.6,14.6,14.3,141815,14.4
AH,2025-07-18,14.5,14.7,14.3,142204,14.6
AH,2025-07-21,14.5,14.5,14.3,52661,14.4
AH,2025-07-22,14.4,14.4,14.3,133951,14.4
AH,2025-07-23,14.4,14.4,14.3,113331,14.4
AH,2025-07-24,14.4,14.5,14.3,19824,14.4
AH,2025-07-25,14.5,14.6,14.4,109809,14.5
AH,2025-07-29,14.8,14.8,14.4,112310,14.4
AH,2025-07-30,14.9,14.9,14.7,94114,14.7
AH,2025-07-31,15.0,15.0,14.7,321655,14.8
AH,2025-08-01,15.0,15.0,14.8,91998,15.0
AH,2025-08-04,14.8,15.0,14.5,149196,15.0
AH,2025-08-05,15.0,15.0,14.8,41016,14.9
AH,2025-08-06,15.3,15.3,14.9,180072,15.0
AH,2025-08-07,15.6,15.6,15.4,196452,15.6
AH,2025-08-08,15.6,15.7,15.4,38913,15.7
AH,2025-08-13,15.6,15.8,15.6,120880,15.8
AH,2025-08-14,15.3,15.8,15.3,71502,15.6
AH,2025-08-15,15.3,15.5,14.8,170615,15.4
AH,2025-08-18,14.8,15.4,14.7,97211,15.3
AH,2025-08-19,14.5,14.8,14.5,69547,14.8
AH,2025-08-20,14.5,14.6,14.4,51465,14.5
AH,2025-08-21,14.8,14.9,14.5,69702,14.5
AH,2025-08-22,14.6,15.0,14.6,60679,15.0
AH,2025-08-25,15.0,15.0,14.7,53015,14.7
AH,2025-08-26,15.0,15.1,14.9,62981,15.1
AH,2025-08-27,14.5,14.7,14.5,38207,14.6
AH,2025-08-28,14.4,14.5,14.4,22801,14.5
AH,2025-08-29,14.4,14.5,14.4,26418,14.5
AH,2025-09-01,14.2,14.5,14.2,26216,14.4
AH,2025-09-02,14.2,14.4,14.1,59306,14.2
AH,2025-09-03,14.4,14.5,14.2,8736,14.2
AH,2025-09-04,14.2,14.5,14.1,74270,14.4
AH,2025-09-05,14.3,14.5,14.2,48503,14.2
AH,2025-09-08,14.5,14.7,14.3,66298,14.3
AH,2025-09-09,14.5,14.6,14.4,32628,14.5
AH,2025-09-10,14.5,14.7,14.4,48073,14.4
AH,2025-09-11,14.4,14.6,14.4,66069,14.5
AH,2025-09-12,14.4,14.6,14.4,181421,14.4
AH,2025-09-15,13.9,14.2,13.7,804147,14.1
AH,2025-09-16,14.1,14.1,13.9,87968,13.9
AH,2025-09-17,14.1,14.2,13.9,78443,14.1
AH,2025-09-18,14.0,14.1,13.9,73491,14.1
AH,2025-09-19,14.0,14.1,13.9,18755,14.0
AH,2025-09-22,14.0,14.1,13.9,14105,14.1
AH,2025-09-23,13.6,13.8,13.5,156027,13.5
AH,2025-09-24,13.9,13.9,13.6,12028,13.9
AH,2025-09-25,13.8,13.9,13.6,17747,13.7
AH,2025-09-26,13.9,13.9,13.7,68317,13.8
AH,2025-09-29,13.8,14.0,13.7,69306,14.0
AH,2025-09-30,13.9,13.9,13.7,62382,13.7
AH,2025-10-01,13.8,13.9,13.7,24320,13.7
AH,2025-10-02,13.9,14.0,13.7,21925,13.8
AH,2025-10-03,13.7,14.0,13.7,146286,14.0
AH,2025-10-06,13.7,13.7,13.5,76318,13.7
AH,2025-10-07,13.7,13.8,13.6,54382,13.6
AH,2025-10-08,13.7,13.8,13.6,19208,13.7
AH,2025-10-09,13.6,13.8,13.6,57658,13.7
AH,2025-10-10,13.6,13.8,13.6,42814,13.6
AH,2025-10-14,13.5,13.8,13.5,68611,13.8
AH,2025-10-15,12.7,13.8,12.7,1601350,13.6
AH,2025-10-16,12.9,13.1,12.7,286870,13.0
AH,2025-10-17,12.8,13.0,12.7,355175,12.8
AH,2025-10-20,12.7,12.9,12.6,280763,12.8
AH,2025-10-21,12.7,12.9,12.6,195608,12.9
AH,2025-10-22,12.6,12.7,12.6,145542,12.7
AH,2025-10-24,12.3,12.6,12.2,347657,12.6
AH,2025-10-27,12.5,13.0,12.4,121364,12.4
AH,2025-10-29,11.9,12.6,11.9,552056,12.5
AH,2025-10-30,12.0,12.2,11.7,365940,12.0
AH,2025-10-31,12.3,12.5,12.0,316458,12.0
AH,2025-11-03,12.4,12.5,12.2,158083,12.3
AH,2025-11-04,12.3,12.5,12.3,165613,12.4
AH,2025-11-05,12.4,12.4,12.2,162741,12.3
AH,2025-11-06,12.3,12.3,12.0,71405,12.3
AH,2025-11-07,12.3,12.5,12.3,108985,12.3
AH,2025-11-10,12.3,12.5,12.2,115725,12.4
AH,2025-11-11,12.4,12.4,12.3,63210,12.4
AH,2025-11-12,12.4,12.7,12.3,93332,12.4
AH,2025-11-13,12.7,12.8,12.4,203133,12.6
AH,2025-11-14,12.6,12.9,12.5,95771,12.6
AH,2025-11-17,12.6,12.7,12.4,89599,12.6
AH,2025-11-18,12.4,12.7,12.4,104005,12.7
AH,2025-11-19,12.6,12.8,12.4,90177,12.5
AH,2025-11-20,12.4,12.6,12.4,49822,12.6
AH,2025-11-21,12.5,12.6,12.2,129704,12.4
AH,2025-11-24,12.3,12.5,12.3,49004,12.4
AH,2025-11-25,12.3,12.4,12.2,11604,12.3
AH,2025-11-26,12.3,12.3,12.2,39600,12.3
AH,2025-11-27,12.3,12.4,12.2,45900,12.2
AH,2025-11-28,12.3,12.4,12.3,33209,12.4
AH,2025-12-01,12.5,12.5,12.2,100410,12.3
AH,2025-12-02,12.3,12.5,12.3,94252,12.5
AH,2025-12-03,12.3,12.5,12.3,77003,12.4
AH,2025-12-04,12.4,12.6,12.3,74163,12.3
AH,2025-12-08,12.4,12.6,12.4,55001,12.4
AH,2025-12-09,12.4,12.5,12.4,30548,12.4
AH,2025-12-11,12.4,12.5,12.4,51006,12.4
AH,2025-12-12,12.5,12.6,12.4,56928,12.4
AH,2025-12-16,12.4,12.5,12.3,54001,12.4
AH,2025-12-17,12.6,12.6,12.4,79910,12.4
AH,2025-12-18,12.5,12.6,12.5,45154,12.5
AH,2025-12-19,12.6,12.7,12.5,48808,12.5
AH,2025-12-22,12.5,12.7,12.5,29217,12.6
AH,2025-12-23,12.5,12.8,12.5,156944,12.5
AH,2025-12-24,12.7,12.7,12.5,7734,12.5
AH,2025-12-25,12.6,12.8,12.5,28839,12.8
AH,2025-12-26,12.5,12.8,12.5,42247,12.7
AH,2025-12-29,12.4,12.7,12.4,112836,12.6
AH,2025-12-30,12.6,12.7,12.5,18301,12.5
AH,2026-01-05,12.5,12.6,12.5,131884,12.6
AH,2026-01-06,12.9,13.1,12.5,223185,12.6
AH,2026-01-07,12.9,13.0,12.8,324851,12.9
AH,2026-01-08,12.8,13.1,12.8,106014,12.9
AH,2026-01-09,13.0,13.1,12.8,79218,12.8
AH,2026-01-12,12.7,13.1,12.7,171021,13.0
AH,2026-01-13,12.7,12.8,12.6,62902,12.7
AH,2026-01-14,12.3,12.7,12.1,221716,12.7
AH,2026-01-15,12.6,12.7,12.4,84794,12.5
AH,2026-01-16,12.7,12.8,12.6,45611,12.7
AH,2026-01-19,12.8,13.0,12.6,294009,13.0
AH,2026-01-20,12.9,13.2,12.8,603131,12.8
AH,2026-01-21,12.9,13.0,12.9,269016,12.9
AH,2026-01-22,12.8,13.1,12.7,492061,13.0
AH,2026-01-23,12.9,12.9,12.7,132243,12.8
AH,2026-01-26,12.9,12.9,12.8,166623,12.9
AH,2026-01-27,13.0,13.1,12.9,140616,12.9
AH,2026-01-28,12.9,13.2,12.9,204063,13.0
AH,2026-01-29,13.0,13.0,12.8,414503,13.0
AH,2026-01-30,13.0,13.0,12.8,265100,12.9
AH,2026-02-02,12.8,13.0,12.8,76400,12.9
AH,2026-02-03,13.0,13.2,12.9,56518,12.9
AH,2026-02-04,13.1,13.1,12.9,76107,13.0
AH,2026-02-05,13.1,13.1,13.0,297665,13.1
AH,2026-02-06,13.2,13.3,13.0,180574,13.0
AH,2026-02-09,13.3,13.4,13.1,114555,13.1
AH,2026-02-10,13.5,13.6,13.3,141919,13.4
AH,2026-02-11,13.5,13.6,13.4,53237,13.6
AH,2026-02-12,13.9,13.9,13.5,144109,13.5
AH,2026-02-13,14.1,14.2,13.9,219131,13.9
AH,2026-02-16,14.2,14.3,14.1,55416,14.1
AH,2026-02-17,14.5,14.5,14.2,111836,14.2
AH,2026-02-18,14.6,14.6,14.4,125689,14.5
AH,2026-02-19,15.3,15.3,14.6,455936,14.6
AH,2026-02-20,15.0,15.3,14.9,145323,15.3
AH,2026-02-23,14.8,15.0,14.7,321951,15.0
AH,2026-02-24,14.8,14.9,14.6,62009,14.8
AH,2026-02-25,15.0,15.3,14.9,114687,14.9
AH,2026-02-26,15.0,15.3,14.9,189831,15.3
AH,2026-02-27,14.9,15.1,14.5,158460,14.9
AH,2026-03-02,14.5,14.9,14.4,287032,14.5
AH,2026-03-04,14.2,14.2,13.1,270600,14.0
AH,2026-03-05,14.3,14.8,14.0,179432,14.0
AH,2026-03-06,14.0,14.3,14.0,186596,14.3
AH,2026-03-09,13.8,13.9,13.5,128952,13.5
AH,2026-03-10,13.8,14.0,13.8,204030,14.0
AH,2026-03-11,14.0,14.0,13.7,523638,13.9
AH,2026-03-12,13.3,13.4,13.2,355007,13.3
AH,2026-03-13,13.3,13.3,13.1,101245,13.3
AH,2026-03-16,13.3,13.3,13.1,46130,13.3
AH,2026-03-17,13.3,13.3,13.1,91008,13.2
AH,2026-03-18,13.3,13.3,13.1,225120,13.3
AH,2026-03-19,13.0,13.3,13.0,105240,13.3
AH,2026-03-20,12.9,13.1,12.9,146007,13.1
AH,2026-03-23,12.6,13.0,12.4,216506,13.0
AH,2026-03-24,12.8,12.9,12.8,66310,12.9
AH,2026-03-25,13.0,13.0,12.8,110931,12.9
AH,2026-03-26,13.0,13.0,12.8,34907,13.0
AH,2026-03-27,12.8,13.0,12.8,30107,13.0
AH,2026-03-30,12.9,12.9,12.5,45009,12.6
AH,2026-03-31,12.9,12.9,12.8,58902,12.9
AH,2026-04-01,13.1,13.2,12.9,108312,13.2
AH,2026-04-02,13.1,13.2,13.0,52201,13.2
AH,2026-04-03,12.9,13.1,12.9,102914,13.1
AH,2026-04-07,13.1,13.1,12.9,34222,12.9
AH,2026-04-08,13.0,13.2,13.0,58502,13.2
AH,2026-04-09,12.8,13.1,12.7,248000,13.0
AH,2026-04-10,13.0,13.0,12.8,95120,12.8
AH,2026-04-16,13.1,13.2,12.9,66501,13.0
AH,2026-04-17,13.0,13.2,12.9,39431,13.2
AH,2026-04-20,13.0,13.2,13.0,52407,13.2
AH,2026-04-21,13.2,13.2,13.0,56108,13.1
AH,2026-04-22,13.0,13.2,13.0,36708,13.2
AH,2026-04-23,13.2,13.2,12.9,126425,13.0
AH,2026-04-24,13.0,13.2,12.9,93209,13.2
AH,2026-04-27,13.0,13.1,12.9,27300,13.0
AH,2026-04-28,13.1,13.2,13.0,178251,13.0
AH,2026-04-29,13.1,13.3,13.0,407805,13.3
AH,2026-04-30,13.3,13.4,13.1,134300,13.2
AH,2026-05-05,13.4,13.5,13.2,213000,13.3
AH,2026-05-06,13.4,13.5,13.4,101720,13.5
AH,2026-05-07,13.9,13.9,13.4,164829,13.4
AH,2026-05-08,13.7,13.9,13.6,138262,13.9
AH,2026-05-11,13.4,13.8,13.2,193604,13.8
AH,2026-05-12,13.5,13.5,13.3,88800,13.3
AH,2026-05-13,13.5,13.5,13.4,107417,13.5
AH,2026-05-14,13.5,13.6,13.4,30020,13.5
AH,2026-05-15,13.9,14.0,13.8,538331,13.8
AH,2026-05-18,13.7,14.0,13.7,137702,13.9
AH,2026-05-19,13.7,13.8,13.7,156121,13.7
AH,2026-05-20,13.9,13.9,13.7,167248,13.7
AH,2026-05-21,13.8,13.9,13.6,166024,13.9
AH,2026-05-22,13.6,13.9,13.6,225519,13.9
