,name,shares,unit_cost,cost_amt,mkt_price,market_amt,dividend,div_amt,cost_pct,mkt_pct,profit,pft_pct,period
4,BCH,4000,21.7,86800.0,10.7,42800.0,0.65,2600.0,3.0,6.07,-44000.0,-50.69,1
11,JMT,7000,37.7,263900.0,11.0,77000.0,0.7,4900.0,1.86,6.36,-186900.0,-70.82,1
13,NER,27000,7.45,201150.0,4.72,127440.0,0.31,8370.0,4.16,6.57,-73710.0,-36.64,1
16,PTG,3600,11.4,41040.0,7.65,27540.0,0.45,1620.0,3.95,5.88,-13500.0,-32.89,1
22,STA,10000,30.0,300000.0,22.9,229000.0,1.0,10000.0,3.33,4.37,-71000.0,-23.67,1
10,3BBIF,120000,10.1,1212000.0,6.4,768000.0,0.5013,60156.0,4.96,7.83,-444000.0,-36.63,2
2,AIMIRT,10000,11.3,113000.0,12.4,124000.0,0.82,8200.0,7.26,6.61,11000.0,9.73,2
6,CPNREIT,55000,18.0,990000.0,13.2,726000.0,0.9085,49967.5,5.05,6.88,-264000.0,-26.67,2
7,DIF,45000,12.7,571500.0,10.2,459000.0,0.8888,39996.0,7.0,8.71,-112500.0,-19.69,2
8,GVREIT,69000,7.75,534750.0,7.65,527850.0,0.7588,52357.2,9.79,9.92,-6900.0,-1.29,2
12,MCS,75000,15.3,1147500.0,7.8,585000.0,0.95,71250.0,6.21,12.18,-562500.0,-49.02,2
15,PROSPECT,30000,9.7,291000.0,10.1,303000.0,0.721,21630.0,7.43,7.14,12000.0,4.12,2
17,PTT,7500,32.0,240000.0,40.75,305625.0,2.3,17250.0,7.19,5.64,65625.0,27.34,2
20,SENA,105000,4.48,470400.0,1.7,178500.0,0.1383,14521.5,3.09,8.14,-291900.0,-62.05,2
24,TFFIF,25000,7.3,182500.0,7.0,175000.0,0.4653,11632.5,6.37,6.65,-7500.0,-4.11,2
27,WHAIR,50000,8.7,435000.0,8.45,422500.0,0.5839,29195.0,6.71,6.91,-12500.0,-2.87,2
28,WHART,20000,12.3,246000.0,11.0,220000.0,0.6987,13974.0,5.68,6.35,-26000.0,-10.57,2
0,ADVANC,400,355.0,142000.0,355.0,142000.0,36.1,14440.0,10.17,10.17,0.0,0.0,3
1,AH,1200,37.0,44400.0,15.7,18840.0,0.86,1032.0,2.32,5.48,-25560.0,-57.57,3
19,RCL,24000,40.0,960000.0,44.0,1056000.0,2.5,60000.0,6.25,5.68,96000.0,10.0,3
23,SYNEX,17500,26.4,462000.0,10.1,176750.0,0.48,8400.0,1.82,4.75,-285250.0,-61.74,3
25,TOA,1000,26.0,26000.0,15.5,15500.0,0.77,770.0,2.96,4.97,-10500.0,-40.38,3
26,TVO,4000,24.9,99600.0,28.0,112000.0,2.07,8280.0,8.31,7.39,12400.0,12.45,3
3,AWC,9000,4.96,44640.0,3.08,27720.0,0.08,720.0,1.61,2.6,-16920.0,-37.9,4
5,CPF,10000,23.4,234000.0,23.6,236000.0,0.7,7000.0,2.99,2.97,2000.0,0.85,4
9,IVL,7200,40.0,288000.0,24.4,175680.0,0.725,5220.0,1.81,2.97,-112320.0,-39.0,4
14,ORI,50000,9.0,450000.0,1.78,89000.0,0.07,3500.0,0.78,3.93,-361000.0,-80.22,4
18,PTTGC,6000,64.75,388500.0,44.5,267000.0,1.1,6600.0,1.7,2.47,-121500.0,-31.27,4
21,SINGER,6000,24.8,148800.0,11.5,69000.0,0.0,0.0,0.0,0.0,-79800.0,-53.63,4
