name,qtrly,shares,amount,net,xdate,paiddate,cost_amt,pct,actual
3BBIF,0.14,120000,16800.0,15120.0,2026-08-17,2026-09-02,1212000.0,1.25,1
ADVANC,8.69,400,3476.0,3128.4,2026-08-19,2026-09-03,142000.0,2.2,1
AH,0.38,1200,456.0,410.4,2026-08-27,2026-09-10,44400.0,0.92,1
AIMIRT,0.205,10000,2050.0,1845.0,2026-08-21,2026-09-09,113000.0,1.63,1
BCH,0.35,4000,1400.0,1260.0,2026-08-27,2026-09-11,86800.0,1.45,1
CPF,0.45,10000,4500.0,4050.0,2026-08-31,2026-09-11,234000.0,1.73,1
CPNREIT,0.28,55000,15400.0,13860.0,2026-08-21,2026-09-08,990000.0,1.4,1
DIF,0.2222,45000,9999.0,8999.1,2026-08-13,2026-09-09,571500.0,1.57,1
GVREIT,0.1984,69000,13689.6,12320.64,2026-08-26,2026-09-08,534750.0,2.3,1
IVL,0.175,7200,1260.0,1134.0,2026-05-28,2026-06-12,288000.0,0.39,0
JMT,0.27,7000,1890.0,1701.0,2026-08-24,2026-09-11,263900.0,0.64,1
MCS,0.25,75000,18750.0,16875.0,2026-04-20,2026-05-07,1147500.0,1.47,0
NER,0.05,27000,1350.0,1215.0,2026-08-20,2026-09-04,201150.0,0.6,1
PROSPECT,0.0705,20000,1410.0,1269.0,2026-08-24,2026-09-08,188000.0,0.68,1
PTT,0.9,7500,6750.0,6075.0,2026-03-05,2026-04-28,240000.0,2.53,0
RCL,0.5,24000,12000.0,10800.0,2026-08-21,2026-09-04,960000.0,1.12,1
SYNEX,0.1,17500,1750.0,1575.0,2026-08-19,2026-09-02,462000.0,0.34,1
TFFIF,0.1176,25000,2940.0,2646.0,2026-08-26,2026-09-11,182500.0,1.45,1
TOA,0.38,1000,380.0,342.0,2026-08-27,2026-09-11,26000.0,1.32,1
TVO,0.9,4000,3600.0,3240.0,2026-08-27,2026-09-11,99600.0,3.25,1
WHAIR,0.1434,50000,7170.0,6453.0,2026-08-26,2026-09-23,435000.0,1.48,1
WHART,0.193,20000,3860.0,3474.0,2026-08-19,2026-09-04,246000.0,1.41,1
