name,shares,unit_cost,cost_amt,mkt_price,mkt_amt,amt_rnk,cost_pct,mkt_pct,div_rnk,div_amt
MCS,75000,15.3,1147500.0,7.8,585000.0,3.0,6.21,12.18,1.0,71250.0
GVREIT,69000,7.75,534750.0,7.65,527850.0,4.0,9.79,9.92,2.0,52357.2
DIF,45000,12.7,571500.0,10.2,459000.0,5.0,7.0,8.71,3.0,39996.0
SENA,105000,4.48,470400.0,1.7,178500.0,10.0,3.09,8.14,4.0,14521.5
3BBIF,120000,10.1,1212000.0,6.4,768000.0,1.0,4.96,7.83,5.0,60156.0
PROSPECT,30000,9.7,291000.0,10.1,303000.0,8.0,7.43,7.14,6.0,21630.0
WHAIR,50000,8.7,435000.0,8.45,422500.0,6.0,6.71,6.91,7.0,29195.0
CPNREIT,55000,18.0,990000.0,13.2,726000.0,2.0,5.05,6.88,8.0,49967.5
TFFIF,25000,7.3,182500.0,7.0,175000.0,11.0,6.37,6.65,9.0,11632.5
AIMIRT,10000,11.3,113000.0,12.4,124000.0,12.0,7.26,6.61,10.0,8200.0
WHART,20000,12.3,246000.0,11.0,220000.0,9.0,5.68,6.35,11.0,13974.0
PTT,7500,32.0,240000.0,40.75,305625.0,7.0,7.19,5.64,12.0,17250.0
