name,shares,unit_cost,cost_amt,dividend,div_amt,cost_pct,period
ADVANC,400,355.0,142000.0,36.1,14440.0,10.17,3
GVREIT,69000,7.75,534750.0,0.7588,52357.2,9.79,2
TVO,4000,24.9,99600.0,2.07,8280.0,8.31,3
PROSPECT,30000,9.7,291000.0,0.721,21630.0,7.43,2
AIMIRT,10000,11.3,113000.0,0.82,8200.0,7.26,2
PTT,7500,32.0,240000.0,2.3,17250.0,7.19,2
DIF,45000,12.7,571500.0,0.8888,39996.0,7.0,2
WHAIR,50000,8.7,435000.0,0.5839,29195.0,6.71,2
TFFIF,25000,7.3,182500.0,0.4653,11632.5,6.37,2
RCL,24000,40.0,960000.0,2.5,60000.0,6.25,3
MCS,75000,15.3,1147500.0,0.95,71250.0,6.21,2
WHART,20000,12.3,246000.0,0.6987,13974.0,5.68,2
CPNREIT,55000,18.0,990000.0,0.9085,49967.5,5.05,2
3BBIF,120000,10.1,1212000.0,0.5013,60156.0,4.96,2
NER,27000,7.45,201150.0,0.31,8370.0,4.16,1
PTG,3600,11.4,41040.0,0.45,1620.0,3.95,1
STA,10000,30.0,300000.0,1.0,10000.0,3.33,1
SENA,105000,4.48,470400.0,0.1383,14521.5,3.09,2
BCH,4000,21.7,86800.0,0.65,2600.0,3.0,1
CPF,10000,23.4,234000.0,0.7,7000.0,2.99,4
TOA,1000,26.0,26000.0,0.77,770.0,2.96,3
AH,1200,37.0,44400.0,0.86,1032.0,2.32,3
JMT,7000,37.7,263900.0,0.7,4900.0,1.86,1
SYNEX,17500,26.4,462000.0,0.48,8400.0,1.82,3
IVL,7200,40.0,288000.0,0.725,5220.0,1.81,4
PTTGC,6000,64.75,388500.0,1.1,6600.0,1.7,4
AWC,9000,4.96,44640.0,0.08,720.0,1.61,4
ORI,50000,9.0,450000.0,0.07,3500.0,0.78,4
SINGER,6000,24.8,148800.0,0.0,0.0,0.0,4
