period,grade,name,date,volbuy,buy_price,mkt_price,amtbuy,amtmkt,amtpol,pctpol
1,B2,BCH,2021-09-07,4000.0,21.7,11.4,86800.0,45600.0,-41199.99999999999,-47.46543778801843
1,C4,JMT,2023-01-26,7000.0,37.7,10.6,263900.0,74200.0,-189700.0,-71.88328912466844
1,A1,NER,2021-09-01,27000.0,7.45,4.68,201150.0,126359.99999999999,-74790.00000000001,-37.181208053691286
1,B4,PTG,2023-07-12,3600.0,11.4,8.35,41040.0,30060.0,-10980.000000000002,-26.754385964912288
1,C3,STA,2021-06-15,10000.0,30.0,21.5,300000.0,215000.0,-85000.0,-28.333333333333332
2,A4,3BBIF,2018-05-17,120000.0,10.1,6.45,1212000.0,774000.0,-437999.99999999994,-36.13861386138613
2,B1,AIMIRT,2026-05-21,10000.0,11.3,12.2,113000.0,122000.0,8999.999999999985,7.964601769911492
2,A4,CPNREIT,2022-08-16,55000.0,18.0,13.2,990000.0,726000.0,-264000.00000000006,-26.66666666666667
2,A4,DIF,2020-08-01,45000.0,12.7,10.1,571500.0,454500.0,-116999.99999999999,-20.472440944881885
2,C4,GVREIT,2022-08-24,69000.0,7.75,7.7,534750.0,531300.0,-3449.9999999999877,-0.6451612903225784
2,A4,MCS,2016-09-20,75000.0,15.3,7.8,1147500.0,585000.0,-562500.0000000001,-49.019607843137265
2,B1,PROSPECT,2026-06-10,30000.0,9.7,9.6,291000.0,288000.0,-2999.9999999999895,-1.0309278350515427
2,B4,PTT,2025-08-08,7500.0,32.0,42.25,240000.0,316875.0,76875.0,32.03125
2,C1,SENA,2022-03-29,105000.0,4.48,1.68,470400.0,176400.0,-294000.00000000006,-62.500000000000014
2,A4,TFFIF,2023-07-06,30000.0,7.25,7.15,217500.0,214500.0,-2999.9999999999895,-1.3793103448275814
2,A1,WHAIR,2021-10-11,50000.0,8.7,8.7,435000.0,434999.99999999994,0.0,0.0
2,A3,WHART,2022-01-05,20000.0,12.3,11.2,246000.0,224000.0,-22000.00000000003,-8.94308943089432
3,A1,ADVANC,2026-02-27,400.0,355.0,344.0,142000.0,137600.0,-4400.0,-3.0985915492957745
3,B1,AH,2023-06-08,1200.0,37.0,15.5,44400.0,18600.0,-25800.0,-58.108108108108105
3,B3,RCL,2021-11-08,21000.0,41.5,46.75,871500.0,981750.0,110250.0,12.650602409638553
3,A3,SYNEX,2022-01-07,17500.0,26.4,9.55,462000.0,167125.0,-294874.99999999994,-63.82575757575756
3,A4,TOA,2023-09-06,1000.0,26.0,15.5,26000.0,15500.0,-10500.0,-40.38461538461539
3,B2,TVO,2024-11-06,4000.0,24.9,27.5,99600.0,110000.0,10400.000000000005,10.441767068273098
4,B1,AWC,2023-06-15,9000.0,4.96,3.04,44640.0,27360.0,-17280.0,-38.70967741935484
4,A2,CPF,2025-08-21,10000.0,23.4,23.1,234000.0,231000.0,-2999.999999999972,-1.28205128205127
4,C3,IVL,2022-08-29,7200.0,40.0,29.0,288000.0,208800.0,-79200.0,-27.500000000000004
4,C2,ORI,2022-04-07,50000.0,9.0,1.72,450000.0,86000.0,-364000.0,-80.88888888888889
4,A1,PTTGC,2021-03-17,6000.0,64.75,47.5,388500.0,285000.0,-103500.0,-26.640926640926644
4,A4,SINGER,2023-01-19,6000.0,24.8,10.5,148800.0,63000.0,-85800.0,-57.66129032258065
