name,date,price,high,low,volume,open
ACE,2026-09-23,1.3,1.31,1.3,819194,1.3
ADVANC,2026-09-23,347.0,351.0,345.0,4579797,350.0
AEONTS,2026-09-23,96.5,98.25,96.25,1269971,98.25
AH,2026-09-23,15.4,15.5,15.2,111300,15.4
AIE,2026-09-23,1.64,1.67,1.6,4363326,1.64
AIMIRT,2026-09-23,12.3,12.4,12.2,362731,12.3
AIT,2026-09-23,4.8,4.82,4.8,311762,4.82
AMATA,2026-09-23,33.5,34.25,33.5,3363586,33.5
ANAN,2026-09-23,0.31,0.32,0.31,230301,0.32
AOT,2026-09-23,62.5,63.0,62.0,13922374,62.25
AP,2026-09-23,7.95,8.0,7.85,11111507,7.9
ASIAN,2026-09-23,7.2,7.25,7.2,94102,7.25
ASK,2026-09-23,10.1,10.2,10.0,308668,10.2
ASP,2026-09-23,2.38,2.38,2.34,454963,2.36
ASW,2026-09-23,7.75,7.85,7.6,89625,7.85
AWC,2026-09-23,3.1,3.14,3.08,69100476,3.08
BA,2026-09-23,19.7,20.0,19.6,5568688,19.6
BAM,2026-09-23,6.95,7.0,6.9,22467906,6.9
BBL,2026-09-23,195.0,197.0,194.0,10276789,196.5
BCH,2026-09-23,11.2,11.4,11.2,5903947,11.2
BCP,2026-09-23,54.25,54.75,53.25,15209126,53.75
BCPG,2026-09-23,6.8,6.85,6.75,3766920,6.8
BDMS,2026-09-23,20.2,20.3,19.9,52044860,20.0
BEC,2026-09-23,1.93,1.93,1.92,48615,1.92
BEM,2026-09-23,6.95,6.95,6.75,42957709,6.85
BGRIM,2026-09-23,19.5,19.7,19.2,22919590,19.4
BH,2026-09-23,197.5,198.5,196.0,3515316,196.5
BJC,2026-09-23,17.9,18.1,17.8,6710876,17.8
BLA,2026-09-23,24.1,24.3,24.0,1160452,24.1
BLAND,2026-09-23,0.58,0.59,0.58,4463347,0.58
BTS,2026-09-23,2.02,2.04,2.0,24084415,2.02
BTSGIF,2026-09-23,2.12,2.14,2.12,716311,2.14
CBG,2026-09-23,55.75,56.25,54.75,5066662,56.0
CENTEL,2026-09-23,44.5,45.5,44.25,2908763,44.5
CHG,2026-09-23,1.59,1.62,1.59,31279778,1.6
CK,2026-09-23,18.1,18.2,17.6,7016544,17.6
CKP,2026-09-23,2.44,2.48,2.44,3204696,2.46
COM7,2026-09-23,31.0,31.5,31.0,9225384,31.25
CPALL,2026-09-23,44.75,45.0,44.25,29756501,44.25
CPF,2026-09-23,22.1,22.4,22.1,33149827,22.3
CPN,2026-09-23,64.5,64.75,63.75,5766558,63.75
CPNCG,2026-09-23,5.25,5.25,5.2,109751,5.2
CPNREIT,2026-09-23,13.3,13.3,13.2,2601692,13.3
CRC,2026-09-23,30.25,30.75,29.75,9815412,30.0
DELTA,2026-09-23,256.0,258.0,251.0,25635472,253.0
DIF,2026-09-23,10.1,10.2,10.1,3804357,10.1
DOHOME,2026-09-23,3.48,3.54,3.46,9221861,3.46
EA,2026-09-23,2.86,2.88,2.84,33881571,2.84
EGATIF,2026-09-23,6.05,6.1,6.05,93716,6.05
EGCO,2026-09-23,130.5,131.0,129.0,863084,130.5
EPG,2026-09-23,6.25,6.35,6.15,11403728,6.25
FORTH,2026-09-23,14.8,15.0,14.7,725935,14.7
GFPT,2026-09-23,10.9,11.0,10.8,993146,11.0
GLOBAL,2026-09-23,6.5,6.65,6.5,13236945,6.5
GPSC,2026-09-23,49.25,49.25,48.5,7487482,48.75
GULF,2026-09-23,62.25,62.25,61.5,18431874,62.0
GUNKUL,2026-09-23,5.3,5.3,5.1,89509062,5.2
GVREIT,2026-09-23,7.6,7.65,7.55,242710,7.55
HANA,2026-09-23,51.0,52.25,50.25,32471140,51.5
HFT,2026-09-23,4.08,4.08,4.06,83800,4.06
HMPRO,2026-09-23,6.25,6.3,6.2,14508828,6.2
HTC,2026-09-23,15.7,15.8,15.5,327597,15.7
ICHI,2026-09-23,13.9,14.0,13.7,5975954,13.8
III,2026-09-23,5.1,5.1,5.05,297900,5.05
ILM,2026-09-23,13.8,13.9,13.8,32736,13.9
IMPACT,2026-09-23,13.3,13.4,13.2,599403,13.4
IRPC,2026-09-23,3.08,3.1,2.86,342586926,2.86
IVL,2026-09-23,29.25,29.5,28.75,21620741,29.0
3BBIF,2026-09-23,6.45,6.45,6.4,2319781,6.4
JMART,2026-09-23,10.3,10.4,10.0,6890381,10.0
JMT,2026-09-23,10.7,10.9,10.6,6115394,10.6
KBANK,2026-09-23,255.0,257.0,253.0,11531765,255.0
KCE,2026-09-23,67.5,69.5,66.0,33276015,67.25
KGI,2026-09-23,4.84,4.84,4.8,1003651,4.82
KKP,2026-09-23,116.0,117.5,116.0,2652394,117.0
KTB,2026-09-23,45.0,45.25,44.5,48232218,45.0
KTC,2026-09-23,37.25,37.5,37.0,21191096,37.25
LALIN,2026-09-23,4.28,4.3,4.28,135710,4.3
LANNA,2026-09-23,14.8,14.9,14.7,353924,14.8
LH,2026-09-23,3.64,3.66,3.62,16079009,3.62
LPN,2026-09-23,1.57,1.57,1.55,225385,1.55
M,2026-09-23,21.0,21.1,20.9,513870,21.1
MAJOR,2026-09-23,7.2,7.25,7.05,3993370,7.15
MC,2026-09-23,11.3,11.4,11.3,1562302,11.4
MCS,2026-09-23,7.75,7.75,7.7,212565,7.75
MEGA,2026-09-23,36.0,36.75,35.75,785912,36.0
MINT,2026-09-23,21.9,22.1,21.8,21261635,22.0
MTC,2026-09-23,29.75,30.0,29.5,5545046,29.75
NER,2026-09-23,4.72,4.72,4.66,4430994,4.66
NOBLE,2026-09-23,1.43,1.43,1.41,566673,1.42
OR,2026-09-23,12.4,12.5,12.4,11778351,12.4
ORI,2026-09-23,1.8,1.81,1.76,1761743,1.77
OSP,2026-09-23,16.4,16.8,16.1,24615342,16.2
PLANB,2026-09-23,6.15,6.25,6.1,12423579,6.2
POPF,2026-09-23,8.75,8.75,8.7,180006,8.7
PRM,2026-09-23,9.55,9.7,9.5,5806726,9.65
PROSPECT,2026-09-23,9.65,9.7,9.6,2423126,9.65
PSH,2026-09-23,3.82,3.86,3.82,247332,3.86
PSL,2026-09-23,10.8,10.9,10.7,6792975,10.8
PTG,2026-09-23,8.5,8.85,8.45,28848588,8.85
PTT,2026-09-23,42.0,42.25,41.75,64213222,42.0
PTTEP,2026-09-23,148.0,149.0,146.5,19318129,149.0
PTTGC,2026-09-23,50.5,50.5,48.75,30776370,49.0
QH,2026-09-23,1.38,1.39,1.38,4190479,1.38
RATCH,2026-09-23,38.5,38.75,38.0,3769424,38.25
RBF,2026-09-23,5.0,5.1,5.0,804356,5.05
RCL,2026-09-23,48.0,49.25,47.5,8084761,47.75
RJH,2026-09-23,15.2,15.3,15.1,445301,15.1
ROJNA,2026-09-23,5.75,5.8,5.75,1627600,5.75
SAPPE,2026-09-23,31.75,32.75,31.75,719446,32.5
SAT,2026-09-23,16.3,16.4,16.3,287825,16.3
SAWAD,2026-09-23,22.8,23.1,22.8,5099012,23.0
SC,2026-09-23,2.02,2.04,2.0,5634399,2.02
SCB,2026-09-23,156.0,157.5,155.5,15345850,157.0
SCC,2026-09-23,269.0,270.0,267.0,3047529,269.0
SCGP,2026-09-23,30.75,31.0,30.25,3779642,30.5
SENA,2026-09-23,1.69,1.69,1.67,347225,1.68
SGP,2026-09-23,9.25,9.4,9.15,343472,9.15
SINGER,2026-09-23,11.5,12.0,11.3,18358579,11.3
SIRI,2026-09-23,1.46,1.46,1.44,9569371,1.45
SIS,2026-09-23,24.6,24.7,24.5,354060,24.6
SJWD,2026-09-23,9.95,10.0,9.85,1050869,9.95
SPALI,2026-09-23,16.0,16.1,16.0,2160684,16.0
SPCG,2026-09-23,11.6,12.1,11.1,24120381,11.1
SPRC,2026-09-23,14.3,14.4,13.8,22258365,13.9
SSP,2026-09-23,7.75,7.9,7.45,9732504,7.45
STA,2026-09-23,22.0,22.2,21.2,20255659,21.3
STGT,2026-09-23,11.0,11.1,10.7,2769864,10.8
SUPER,2026-09-23,0.12,0.13,0.12,7730253,0.13
SUPEREIF,2026-09-23,6.55,6.6,6.55,145300,6.6
SYNEX,2026-09-23,9.55,9.65,9.55,475251,9.65
TASCO,2026-09-23,17.0,17.1,16.9,3966923,17.0
TCAP,2026-09-23,84.25,84.5,83.25,1693757,83.75
TFFIF,2026-09-23,7.1,7.15,7.05,591159,7.1
TFG,2026-09-23,9.95,10.0,9.85,3808280,9.9
THANI,2026-09-23,2.14,2.18,2.14,5214175,2.14
THG,2026-09-23,7.0,7.1,6.95,3611802,7.1
TIPH,2026-09-23,25.5,25.75,25.0,673891,25.75
TISCO,2026-09-23,128.5,129.0,128.0,2075358,128.5
TKN,2026-09-23,4.54,4.56,4.42,5962235,4.48
TKS,2026-09-23,8.05,8.1,7.95,177701,8.1
TOA,2026-09-23,15.3,15.5,15.2,1264961,15.3
TOP,2026-09-23,71.0,71.0,68.0,23772160,68.5
TPIPL,2026-09-23,0.95,0.96,0.93,29345199,0.95
TPIPP,2026-09-23,1.71,1.71,1.69,2503538,1.71
TQM,2026-09-23,15.4,15.5,15.4,35918,15.5
TRUE,2026-09-23,12.8,12.8,12.6,109032798,12.7
TSE,2026-09-23,1.14,1.16,1.11,56788646,1.13
TTA,2026-09-23,5.6,5.65,5.55,4573423,5.55
TTB,2026-09-23,3.1,3.12,3.08,483874147,3.1
TTLPF,2026-09-23,7.5,7.55,7.5,15826,7.55
TTW,2026-09-23,10.1,10.2,10.1,1643261,10.1
TU,2026-09-23,13.2,13.5,13.1,17414512,13.4
TVO,2026-09-23,28.5,28.75,28.0,1253031,28.0
VGI,2026-09-23,0.99,0.99,0.98,14144099,0.98
WHA,2026-09-23,4.82,4.86,4.78,90836867,4.78
WHAIR,2026-09-23,8.55,8.6,8.45,751220,8.5
WHART,2026-09-23,10.9,11.0,10.8,1876200,10.9
WHAUP,2026-09-23,7.3,7.3,7.15,5162307,7.2
WICE,2026-09-23,3.26,3.26,3.06,2818506,3.06
