name,price,today_low,today_high,year_low,year_high,percent,updated_at
ACE,1.3,1.3,1.31,1.26,1.52,0.0,2026-09-23
ADVANC,347.0,345.0,351.0,288.0,410.0,-1.14,2026-09-23
AEONTS,96.5,96.25,98.25,86.5,120.0,-1.53,2026-09-23
AH,15.4,15.2,15.5,11.7,16.8,-0.65,2026-09-23
AIE,1.64,1.6,1.67,0.9,1.87,1.23,2026-09-23
AIMIRT,12.3,12.2,12.4,10.1,12.7,-0.81,2026-09-23
AIT,4.8,4.8,4.82,4.64,5.3,0.0,2026-09-23
AMATA,33.5,33.5,34.25,14.0,34.5,0.0,2026-09-23
ANAN,0.31,0.31,0.32,0.3,0.55,0.0,2026-09-23
AOT,62.5,62.0,63.0,38.75,67.25,0.4,2026-09-23
AP,7.95,7.85,8.0,6.85,9.7,0.63,2026-09-23
ASIAN,7.2,7.2,7.25,6.75,8.25,-0.69,2026-09-23
ASK,10.1,10.0,10.2,7.0,12.7,-1.94,2026-09-23
ASP,2.38,2.34,2.38,1.97,2.78,0.85,2026-09-23
ASW,7.75,7.6,7.85,5.25,8.2,0.0,2026-09-23
AWC,3.1,3.08,3.14,1.9,3.18,0.65,2026-09-23
BA,19.7,19.6,20.0,12.0,20.0,0.51,2026-09-23
BAM,6.95,6.9,7.0,6.2,8.45,0.72,2026-09-23
BBL,195.0,194.0,197.0,147.0,204.0,-1.27,2026-09-23
BCH,11.2,11.2,11.4,9.1,13.5,0.0,2026-09-23
BCP,54.25,53.25,54.75,24.2,60.75,0.0,2026-09-23
BCPG,6.8,6.75,6.85,5.3,9.6,0.74,2026-09-23
BDMS,20.2,19.9,20.3,17.4,22.4,1.51,2026-09-23
BEAUTY,0.33,0.32,0.33,0.27,0.61,3.13,2026-09-23
BEC,1.93,1.92,1.93,1.72,2.26,0.0,2026-09-23
BEM,6.95,6.75,6.95,4.84,7.35,0.72,2026-09-23
BGC,6.55,6.5,6.6,3.3,7.15,0.0,2026-09-23
BGRIM,19.5,19.2,19.7,10.3,21.4,0.52,2026-09-23
BH,197.5,196.0,198.5,136.0,214.0,0.0,2026-09-23
BJC,17.9,17.8,18.1,12.8,20.5,-0.56,2026-09-23
BKIH,387.0,386.0,387.0,297.0,399.0,0.0,2026-09-23
BLA,24.1,24.0,24.3,17.3,27.5,0.0,2026-09-23
BLAND,0.58,0.58,0.59,0.4,0.78,0.0,2026-09-23
BTS,2.02,2.0,2.04,1.98,3.24,1.0,2026-09-23
BTSGIF,2.12,2.12,2.14,2.08,2.72,-0.93,2026-09-23
CBG,55.75,54.75,56.25,32.75,59.25,0.0,2026-09-23
CENTEL,44.5,44.25,45.5,28.75,44.75,0.0,2026-09-23
CHG,1.59,1.59,1.62,1.33,1.78,-0.63,2026-09-23
CK,18.1,17.6,18.2,11.1,20.7,1.69,2026-09-23
CKP,2.44,2.44,2.48,2.12,2.86,0.83,2026-09-23
COM7,31.0,31.0,31.5,18.2,32.0,-0.8,2026-09-23
CPALL,44.75,44.25,45.0,40.5,54.5,1.13,2026-09-23
CPAXT,14.5,14.5,14.6,13.9,23.4,0.0,2026-09-23
CPF,22.1,22.1,22.4,18.1,24.0,-0.9,2026-09-23
CPN,64.5,63.75,64.75,49.0,70.5,1.18,2026-09-23
CPNCG,5.25,5.2,5.25,4.9,6.5,0.0,2026-09-23
CPNREIT,13.3,13.2,13.3,10.6,13.8,0.0,2026-09-23
CRC,30.25,29.75,30.75,16.5,31.0,1.68,2026-09-23
DCC,1.35,1.34,1.36,1.13,1.51,0.0,2026-09-23
DCON,0.15,0.14,0.18,0.13,0.29,7.14,2026-09-23
DELTA,256.0,251.0,258.0,155.5,372.0,1.59,2026-09-23
DIF,10.1,10.1,10.2,8.85,10.4,0.0,2026-09-23
DOHOME,3.48,3.46,3.54,3.02,4.29,0.58,2026-09-23
EA,2.86,2.84,2.88,2.4,3.68,0.7,2026-09-23
EGATIF,6.05,6.05,6.1,5.95,6.4,-0.82,2026-09-23
EGCO,130.5,129.0,131.0,107.0,143.0,0.38,2026-09-23
EPG,6.25,6.15,6.35,2.76,6.7,0.0,2026-09-23
FORTH,14.8,14.7,15.0,5.45,18.9,0.0,2026-09-23
FSMART,6.8,6.75,6.8,5.5,9.85,0.74,2026-09-23
GC,5.3,5.25,5.3,3.88,5.9,0.0,2026-09-23
GFPT,10.9,10.8,11.0,8.5,11.2,0.0,2026-09-23
GLOBAL,6.5,6.5,6.65,5.25,8.29,0.78,2026-09-23
GPSC,49.25,48.5,49.25,30.0,55.75,1.03,2026-09-23
GULF,62.25,61.5,62.25,39.75,68.5,0.0,2026-09-23
GUNKUL,5.3,5.1,5.3,1.76,5.5,2.91,2026-09-23
GVREIT,7.6,7.55,7.65,6.3,8.5,0.66,2026-09-23
HANA,51.0,50.25,52.25,15.1,52.75,0.0,2026-09-23
HFT,4.08,4.06,4.08,3.48,4.6,0.49,2026-09-23
HMPRO,6.25,6.2,6.3,5.75,7.6,0.0,2026-09-23
HTC,15.7,15.5,15.8,14.6,16.9,0.0,2026-09-23
ICHI,13.9,13.7,14.0,11.8,15.2,1.46,2026-09-23
III,5.1,5.05,5.1,3.72,5.5,0.0,2026-09-23
ILM,13.8,13.8,13.9,12.1,16.2,0.0,2026-09-23
IMH,3.22,3.2,3.26,2.7,4.4,-1.23,2026-09-23
IMPACT,13.3,13.2,13.4,9.85,14.2,-1.48,2026-09-23
IP,5.05,4.98,5.05,3.44,5.65,1.0,2026-09-23
IRPC,3.08,2.86,3.1,0.96,3.22,7.69,2026-09-23
IVL,29.25,28.75,29.5,14.6,30.5,0.86,2026-09-23
3BBIF,6.45,6.4,6.45,6.05,6.95,0.78,2026-09-23
JMART,10.3,10.0,10.4,5.8,12.8,3.0,2026-09-23
JMT,10.7,10.6,10.9,7.65,13.0,0.94,2026-09-23
KBANK,255.0,253.0,257.0,162.0,261.0,-0.78,2026-09-23
KCE,67.5,66.0,69.5,16.0,68.0,0.75,2026-09-23
KGI,4.84,4.8,4.84,3.74,5.3,0.0,2026-09-23
KKP,116.0,116.0,117.5,57.25,121.5,-0.43,2026-09-23
KTB,45.0,44.5,45.25,24.3,46.0,0.0,2026-09-23
KTC,37.25,37.0,37.5,24.4,41.25,0.0,2026-09-23
LALIN,4.28,4.28,4.3,4.26,5.15,-0.47,2026-09-23
LANNA,14.8,14.7,14.9,14.0,16.5,0.0,2026-09-23
LH,3.64,3.62,3.66,3.4,4.5,0.55,2026-09-23
LIT,0.72,0.71,0.73,0.58,1.0,2.86,2026-09-23
LPN,1.57,1.55,1.57,1.46,1.8,0.0,2026-09-23
M,21.0,20.9,21.1,17.0,35.25,-0.47,2026-09-23
MAJOR,7.2,7.05,7.25,6.25,8.3,4.35,2026-09-23
MC,11.3,11.3,11.4,10.5,12.5,0.0,2026-09-23
MCS,7.75,7.7,7.75,7.2,9.75,0.0,2026-09-23
MEGA,36.0,35.75,36.75,27.75,40.0,0.0,2026-09-23
MINT,21.9,21.8,22.1,19.6,27.0,-0.45,2026-09-23
MTC,29.75,29.5,30.0,26.75,42.75,0.0,2026-09-23
NER,4.72,4.66,4.72,4.08,5.4,0.85,2026-09-23
NOBLE,1.43,1.41,1.43,1.41,2.72,0.7,2026-09-23
ONEE,2.9,2.9,2.96,1.94,3.4,-0.68,2026-09-23
OR,12.4,12.4,12.5,10.4,15.6,-0.8,2026-09-23
ORI,1.8,1.76,1.81,1.63,2.88,1.69,2026-09-23
OSP,16.4,16.1,16.8,13.7,18.9,1.86,2026-09-23
PCSGH,2.9,2.9,2.94,2.86,3.28,-0.68,2026-09-23
PLANB,6.15,6.1,6.25,3.0,6.8,-0.81,2026-09-23
POPF,8.75,8.7,8.75,6.15,9.0,0.0,2026-09-23
PRM,9.55,9.5,9.7,6.1,10.5,-1.04,2026-09-23
PROSPECT,9.65,9.6,9.7,6.6,10.8,0.0,2026-09-23
PSH,3.82,3.82,3.86,3.3,4.28,-0.52,2026-09-23
PSL,10.8,10.7,10.9,5.7,11.4,-0.92,2026-09-23
PTG,8.5,8.45,8.85,6.75,10.2,-4.49,2026-09-23
PTL,14.5,14.5,14.5,7.5,15.1,0.0,2026-09-23
PTT,42.0,41.75,42.25,30.0,42.75,0.0,2026-09-23
PTTEP,148.0,146.5,149.0,104.0,164.0,-0.67,2026-09-23
PTTGC,50.5,48.75,50.5,19.0,51.0,2.02,2026-09-23
QH,1.38,1.38,1.39,1.21,1.53,0.0,2026-09-23
RATCH,38.5,38.0,38.75,25.5,39.75,0.65,2026-09-23
RBF,5.0,5.0,5.1,2.9,5.55,-0.99,2026-09-23
RCL,48.0,47.5,49.25,24.7,49.25,1.59,2026-09-23
RJH,15.2,15.1,15.3,11.1,16.5,0.66,2026-09-23
ROJNA,5.75,5.75,5.8,4.26,6.45,0.0,2026-09-23
SAPPE,31.75,31.75,32.75,28.5,39.0,-1.55,2026-09-23
SAT,16.3,16.3,16.4,13.0,16.8,0.0,2026-09-23
SAWAD,22.8,22.8,23.1,19.9,32.0,0.0,2026-09-23
SC,2.02,2.0,2.04,1.54,2.22,0.0,2026-09-23
SCB,156.0,155.5,157.5,126.0,160.0,-1.27,2026-09-23
SCC,269.0,267.0,270.0,163.0,272.0,0.37,2026-09-23
SCCC,155.5,154.0,156.0,138.0,156.0,0.97,2026-09-23
SCGP,30.75,30.25,31.0,14.9,32.25,0.0,2026-09-23
SENA,1.69,1.67,1.69,1.63,2.1,0.0,2026-09-23
SGP,9.25,9.15,9.4,6.25,9.65,0.54,2026-09-23
SINGER,11.5,11.3,12.0,4.1,13.4,3.6,2026-09-23
SIRI,1.46,1.44,1.46,1.29,1.6,1.39,2026-09-23
SIS,24.6,24.5,24.7,18.3,27.5,0.0,2026-09-23
SJWD,9.95,9.85,10.0,6.4,10.6,0.0,2026-09-23
SMPC,9.45,9.45,9.5,8.7,10.4,0.0,2026-09-23
SNC,7.1,7.1,7.2,5.5,8.85,-0.7,2026-09-23
SPALI,16.0,16.0,16.1,14.8,19.0,0.63,2026-09-23
SPCG,11.6,11.1,12.1,7.95,12.3,4.5,2026-09-23
SPRC,14.3,13.8,14.4,4.28,14.5,2.14,2026-09-23
SSP,7.75,7.45,7.9,3.0,7.65,4.03,2026-09-23
STA,22.0,21.2,22.2,11.2,23.5,3.77,2026-09-23
STGT,11.0,10.7,11.1,6.5,12.2,3.77,2026-09-23
SUPER,0.12,0.12,0.13,0.09,0.14,-7.69,2026-09-23
SUPEREIF,6.55,6.55,6.6,5.0,7.05,-0.76,2026-09-23
SYNEX,9.55,9.55,9.65,8.55,12.6,-0.52,2026-09-23
TASCO,17.0,16.9,17.1,12.4,17.9,0.0,2026-09-23
TCAP,84.25,83.25,84.5,49.75,91.75,0.6,2026-09-23
TFFIF,7.1,7.05,7.15,6.0,7.2,0.0,2026-09-23
TFG,9.95,9.85,10.0,4.24,11.6,0.0,2026-09-23
THANI,2.14,2.14,2.18,1.55,2.44,0.0,2026-09-23
THG,7.0,6.95,7.1,6.3,9.9,-1.41,2026-09-23
TIPH,25.5,25.0,25.75,19.2,27.0,-0.97,2026-09-23
TISCO,128.5,128.0,129.0,100.0,133.0,-0.39,2026-09-23
TKN,4.54,4.42,4.56,3.66,5.9,2.25,2026-09-23
TKS,8.05,7.95,8.1,5.35,8.45,0.0,2026-09-23
TMT,4.4,4.38,4.4,2.68,4.54,0.0,2026-09-23
TOA,15.3,15.2,15.5,11.5,16.8,0.0,2026-09-23
TOP,71.0,68.0,71.0,33.0,70.5,3.27,2026-09-23
TPIPL,0.95,0.93,0.96,0.65,1.04,0.0,2026-09-23
TPIPP,1.71,1.69,1.71,1.65,2.24,0.0,2026-09-23
TQM,15.4,15.4,15.5,10.6,18.1,-0.65,2026-09-23
TRUE,12.8,12.6,12.8,10.2,15.0,0.0,2026-09-23
TSE,1.14,1.11,1.16,0.34,1.18,1.79,2026-09-23
TSTH,0.97,0.97,0.98,0.62,1.12,0.0,2026-09-23
TTA,5.6,5.55,5.65,3.94,6.1,0.9,2026-09-23
TTB,3.1,3.08,3.12,1.8,3.18,0.0,2026-09-23
TTLPF,7.5,7.5,7.55,6.9,10.7,-0.66,2026-09-23
TTW,10.1,10.1,10.2,8.85,10.7,0.0,2026-09-23
TU,13.2,13.1,13.5,10.4,14.1,-1.49,2026-09-23
TVO,28.5,28.0,28.75,21.0,30.0,1.79,2026-09-23
UTP,9.25,9.15,9.4,7.1,9.65,1.09,2026-09-23
VGI,0.99,0.98,0.99,0.77,1.79,1.02,2026-09-23
VIBHA,1.35,1.35,1.36,1.32,1.66,-0.74,2026-09-23
VNG,1.95,1.94,1.96,1.64,2.28,0.0,2026-09-23
WHA,4.82,4.78,4.86,3.08,5.6,0.84,2026-09-23
WHAIR,8.55,8.45,8.6,5.85,8.7,-1.16,2026-09-23
WHART,10.9,10.8,11.0,9.45,11.6,0.0,2026-09-23
WHAUP,7.3,7.15,7.3,3.86,8.5,1.39,2026-09-23
WICE,3.26,3.06,3.26,2.2,3.9,6.54,2026-09-23
WORK,3.42,3.4,3.42,3.34,4.3,0.0,2026-09-23
