period,name,shares,date1,date2,price1,price2,change,%change,amount,spd
1,BCH,4000,2025-12-30,2026-09-23,10.40,11.20,0.80,7.69,3199.999999999996,8
1,JMT,7000,2025-12-30,2026-09-23,8.75,10.70,1.95,22.29,13649.999999999995,32
1,NER,27000,2025-12-30,2026-09-23,4.48,4.72,0.24,5.36,6479.999999999982,12
1,PTG,3600,2025-12-30,2026-09-23,7.10,8.50,1.40,19.72,5040.000000000001,28
1,STA,10000,2025-12-30,2026-09-23,12.20,22.00,9.80,80.33,98000.0,98
2,3BBIF,120000,2025-12-30,2026-09-23,6.30,6.45,0.15,2.38,18000.000000000044,3
2,AIMIRT,10000,2025-12-30,2026-09-23,10.90,12.30,1.40,12.84,14000.000000000004,14
2,CPNREIT,55000,2025-12-30,2026-09-23,11.30,13.30,2.00,17.70,110000.0,20
2,DIF,45000,2025-12-30,2026-09-23,9.45,10.10,0.65,6.88,29250.000000000015,12
2,GVREIT,69000,2025-12-30,2026-09-23,6.75,7.60,0.85,12.59,58649.99999999998,17
2,MCS,75000,2025-12-30,2026-09-23,8.35,7.75,-0.60,-7.19,-44999.99999999997,-12
2,PROSPECT,30000,2025-12-30,2026-09-23,9.30,9.65,0.35,3.76,10499.999999999989,7
2,PTT,7500,2025-12-30,2026-09-23,32.00,42.00,10.00,31.25,75000.0,40
2,SENA,105000,2025-12-30,2026-09-23,1.69,1.69,0.00,0.00,0.0,0
2,TFFIF,30000,2025-12-30,2026-09-23,6.25,7.10,0.85,13.60,25499.99999999999,17
2,WHAIR,50000,2025-12-30,2026-09-23,6.15,8.55,2.40,39.02,120000.00000000001,48
2,WHART,20000,2025-12-30,2026-09-23,10.70,10.90,0.20,1.87,4000.0000000000214,2
3,ADVANC,400,2025-12-30,2026-09-23,313.00,347.00,34.00,10.86,13600.0,34
3,AH,1200,2025-12-30,2026-09-23,12.60,15.40,2.80,22.22,3360.000000000001,28
3,RCL,21000,2025-12-30,2026-09-23,27.25,48.00,20.75,76.15,435750.0,83
3,SYNEX,17500,2025-12-30,2026-09-23,9.95,9.55,-0.40,-4.02,-6999.999999999975,-8
3,TOA,1000,2025-12-30,2026-09-23,13.60,15.30,1.70,12.50,1700.0000000000011,17
3,TVO,4000,2025-12-30,2026-09-23,22.40,28.50,6.10,27.23,24400.000000000007,40
4,AWC,9000,2025-12-30,2026-09-23,2.12,3.10,0.98,46.23,8820.0,49
4,CPF,10000,2025-12-30,2026-09-23,21.80,22.10,0.30,1.38,3000.0000000000073,3
4,IVL,7200,2025-12-30,2026-09-23,16.10,29.25,13.15,81.68,94679.99999999999,105
4,ORI,50000,2025-12-30,2026-09-23,1.79,1.80,0.01,0.56,500.00000000000045,1
4,PTTGC,6000,2025-12-30,2026-09-23,21.00,50.50,29.50,140.48,177000.0,142
4,SINGER,6000,2025-12-30,2026-09-23,4.88,11.50,6.62,135.66,39720.0,121
