name,date,price,change,%change,open,high,low,volume,value(m)
ACE,2026-09-25,1.33,0.03,2.307692,1.3,1.34,1.3,4078506,5425.64937
ADVANC,2026-09-25,345.0,0.0,0.0,344.0,348.0,343.0,4474128,1548205.12857
AEONTS,2026-09-25,95.5,0.0,0.0,95.5,96.0,95.0,505543,48230.634
AH,2026-09-25,15.5,0.0,0.0,15.5,15.6,15.3,219657,3399.6735
AIE,2026-09-25,1.59,-0.03,-1.851852,1.63,1.65,1.59,1823715,2957.3712
AIMIRT,2026-09-25,12.4,0.0,0.0,12.2,12.4,12.2,224296,2777.3202
AIT,2026-09-25,4.82,0.02,0.416667,4.8,4.84,4.78,397741,1916.14444
AMATA,2026-09-25,33.5,-0.75,-2.189781,34.25,34.25,33.5,5369309,181225.79025
ANAN,2026-09-25,0.31,0.0,0.0,0.32,0.32,0.31,974130,302.17359999999996
AOT,2026-09-25,62.25,0.25,0.403226,61.75,62.25,61.5,9410985,582287.95625
AP,2026-09-25,7.9,0.0,0.0,7.9,7.95,7.85,5556616,43907.1524
ASIAN,2026-09-25,7.2,0.0,0.0,7.25,7.25,7.15,704262,5054.5214000000005
ASK,2026-09-25,10.0,0.0,0.0,10.0,10.2,9.95,345040,3457.1153999999997
ASP,2026-09-25,2.38,0.0,0.0,2.38,2.4,2.36,380485,903.43924
ASW,2026-09-25,7.7,0.0,0.0,7.8,7.8,7.6,46220,354.088
AWC,2026-09-25,3.14,0.06,1.948052,3.08,3.18,3.08,70058439,219616.7896
BA,2026-09-25,19.5,0.0,0.0,19.4,19.6,19.4,3927837,76577.8611
BAM,2026-09-25,6.8,0.05,0.740741,6.8,6.9,6.75,15325426,104276.3336
BBL,2026-09-25,193.0,0.5,0.25974,192.5,194.5,192.5,5132391,991992.586
BCH,2026-09-25,11.4,0.1,0.884956,11.5,11.7,11.3,38116403,438523.4394
BCP,2026-09-25,55.0,-1.25,-2.222222,56.0,57.25,54.75,22724699,1272392.743
BCPG,2026-09-25,6.7,-0.05,-0.740741,6.75,6.75,6.65,7541028,50429.4963
BDMS,2026-09-25,20.2,0.2,1.0,20.0,20.2,19.9,23123318,463909.1675
BEC,2026-09-25,1.9,-0.02,-1.041667,1.92,1.92,1.9,335094,641.09442
BEM,2026-09-25,6.55,-0.05,-0.757576,6.7,6.7,6.55,33604141,221133.6635
BGRIM,2026-09-25,19.3,0.2,1.04712,19.0,19.5,19.0,15345734,296052.3541
BH,2026-09-25,197.5,1.5,0.765306,196.0,197.5,196.0,2453191,483190.38
BJC,2026-09-25,17.9,0.0,0.0,17.8,17.9,17.7,3887325,69095.0712
BLA,2026-09-25,24.0,-0.3,-1.234568,24.3,24.3,24.0,1621339,39035.456399999995
BLAND,2026-09-25,0.57,0.0,0.0,0.57,0.58,0.57,4479702,2557.0931600000004
BTS,2026-09-25,2.0,0.0,0.0,2.0,2.02,1.99,33702614,67530.22314
BTSGIF,2026-09-25,2.12,-0.02,-0.934579,2.14,2.14,2.12,3819614,8098.74396
CBG,2026-09-25,55.25,-0.25,-0.45045,55.5,56.5,55.25,3978531,222044.7565
CENTEL,2026-09-25,43.75,-0.25,-0.568182,44.0,44.25,43.5,619252,27154.22375
CHG,2026-09-25,1.58,0.02,1.282051,1.57,1.6,1.56,56847453,89598.30847
CK,2026-09-25,17.9,0.2,1.129944,17.8,18.2,17.8,6672184,120119.27440000001
CKP,2026-09-25,2.42,0.0,0.0,2.42,2.44,2.4,2940300,7115.292
COM7,2026-09-25,30.75,0.0,0.0,30.5,30.75,30.25,4089851,125186.24525
CPALL,2026-09-25,44.0,-0.25,-0.564972,44.0,44.25,43.75,29780464,1310615.1425
CPF,2026-09-25,21.8,-0.2,-0.909091,22.0,22.1,21.8,16447392,359717.5074
CPN,2026-09-25,63.0,0.0,0.0,63.0,63.25,62.5,4995056,313700.1265
CPNCG,2026-09-25,5.2,0.0,0.0,5.2,5.25,5.2,217304,1130.246
CPNREIT,2026-09-25,13.3,0.0,0.0,13.3,13.3,13.2,788943,10459.109400000001
CRC,2026-09-25,30.0,0.0,0.0,29.75,30.5,29.75,2505846,75370.339
DELTA,2026-09-25,263.0,8.0,3.137255,257.0,264.0,257.0,30586909,7999454.942
DIF,2026-09-25,10.2,0.1,0.990099,10.2,10.2,10.1,2408390,24425.1702
DOHOME,2026-09-25,3.4,-0.06,-1.734104,3.44,3.46,3.38,10032138,34279.0547
EA,2026-09-25,2.82,0.02,0.714286,2.82,2.84,2.8,26367711,74371.32394
EGATIF,2026-09-25,6.05,-0.05,-0.819672,6.05,6.1,6.05,399620,2418.876
EGCO,2026-09-25,129.5,-0.5,-0.384615,129.5,130.5,129.0,460979,59785.774
EPG,2026-09-25,6.25,0.1,1.626016,6.15,6.3,6.15,9611723,60095.22795
FORTH,2026-09-25,15.2,0.7,4.827586,14.6,15.5,14.6,5108578,77393.5278
GFPT,2026-09-25,10.7,-0.1,-0.925926,10.8,10.8,10.6,440419,4724.725
GLOBAL,2026-09-25,6.45,0.05,0.78125,6.4,6.5,6.35,11641086,75167.82135
GPSC,2026-09-25,48.75,0.25,0.515464,48.5,49.25,48.5,6013235,293819.24425
GULF,2026-09-25,60.75,0.25,0.413223,60.25,61.0,60.0,26253652,1590236.35775
GUNKUL,2026-09-25,5.3,0.15,2.912621,5.15,5.45,5.15,231388798,1240116.5861
GVREIT,2026-09-25,7.6,0.0,0.0,7.55,7.6,7.55,203934,1547.7584
HANA,2026-09-25,50.5,0.0,0.0,51.0,51.25,50.25,14845076,753367.229
HFT,2026-09-25,4.12,0.06,1.477833,4.06,4.14,4.06,129902,532.3042399999999
HMPRO,2026-09-25,6.2,0.0,0.0,6.2,6.25,6.15,10382894,64393.2648
HTC,2026-09-25,15.4,-0.1,-0.645161,15.5,15.6,15.4,360345,5564.2794
ICHI,2026-09-25,13.8,0.0,0.0,13.8,13.9,13.7,1796350,24804.3266
III,2026-09-25,4.98,-0.07,-1.386139,5.05,5.15,4.98,1546077,7783.81035
ILM,2026-09-25,13.7,0.1,0.735294,13.7,13.8,13.6,57118,782.5301999999999
IMPACT,2026-09-25,13.2,-0.2,-1.492537,13.3,13.3,13.1,99936,1319.163
IRPC,2026-09-25,3.06,-0.08,-2.547771,3.12,3.16,3.04,139677392,432292.70051999995
IVL,2026-09-25,28.5,-0.25,-0.869565,28.75,29.25,28.25,17823470,509835.4
3BBIF,2026-09-25,6.45,0.05,0.78125,6.4,6.45,6.4,2021401,12961.9769
JMART,2026-09-25,10.1,0.0,0.0,10.2,10.2,10.1,847724,8575.8394
JMT,2026-09-25,10.5,0.0,0.0,10.5,10.6,10.5,2038080,21408.8018
KBANK,2026-09-25,252.0,1.0,0.398406,253.0,254.0,251.0,8649353,2182259.045
KCE,2026-09-25,66.25,-0.75,-1.119403,67.25,67.75,66.25,9713281,648892.40575
KGI,2026-09-25,4.78,0.0,0.0,4.78,4.82,4.78,724706,3473.71972
KKP,2026-09-25,115.0,-0.5,-0.4329,115.5,116.5,115.0,3946807,455630.134
KTB,2026-09-25,44.25,-0.5,-1.117318,44.75,45.0,44.25,65528320,2916465.19225
KTC,2026-09-25,36.75,0.0,0.0,36.75,37.0,36.5,2502476,92014.3855
LALIN,2026-09-25,4.22,-0.02,-0.471698,4.24,4.28,4.22,165331,701.641
LANNA,2026-09-25,14.9,0.1,0.675676,14.9,14.9,14.8,117273,1739.6379
LH,2026-09-25,3.62,0.0,0.0,3.62,3.64,3.62,7671080,27801.22384
LPN,2026-09-25,1.6,0.03,1.910828,1.57,1.6,1.56,627261,989.69548
M,2026-09-25,20.8,-0.1,-0.478469,21.0,21.0,20.8,368094,7676.3956
MAJOR,2026-09-25,7.2,0.0,0.0,7.2,7.25,7.15,1373731,9883.026699999999
MC,2026-09-25,11.4,0.0,0.0,11.4,11.4,11.3,330422,3758.5569
MCS,2026-09-25,7.8,0.05,0.645161,7.75,7.8,7.75,160955,1252.67895
MEGA,2026-09-25,34.75,0.25,0.724638,34.5,35.0,34.5,438571,15252.7515
MINT,2026-09-25,21.6,0.0,0.0,21.6,21.7,21.5,10792531,233302.5271
MTC,2026-09-25,29.0,-0.25,-0.854701,28.75,29.0,28.5,6491162,187108.05175
NER,2026-09-25,4.66,-0.04,-0.851064,4.7,4.72,4.66,2356090,11042.10074
NOBLE,2026-09-25,1.43,0.0,0.0,1.44,1.45,1.43,493653,706.7478199999999
OR,2026-09-25,12.4,0.1,0.813008,12.3,12.5,12.3,10562714,130966.18770000001
ORI,2026-09-25,1.8,-0.01,-0.552486,1.79,1.81,1.79,614822,1103.41294
OSP,2026-09-25,16.3,0.0,0.0,16.3,16.4,16.2,6901598,112520.7475
PLANB,2026-09-25,6.05,0.3,5.217391,5.85,6.1,5.85,17691634,105593.43729999999
POPF,2026-09-25,8.7,-0.05,-0.571429,8.7,8.75,8.7,369400,3213.785
PRM,2026-09-25,9.3,-0.1,-1.06383,9.35,9.55,9.3,6257308,58848.300350000005
PROSPECT,2026-09-25,9.5,-0.15,-1.554404,9.5,9.55,9.45,2134081,20281.5395
PSH,2026-09-25,3.84,0.0,0.0,3.86,3.86,3.82,128067,491.02016
PSL,2026-09-25,10.6,-0.1,-0.934579,10.8,11.0,10.6,8936099,96419.6339
PTG,2026-09-25,8.25,-0.05,-0.60241,8.3,8.45,8.15,12161033,100825.50755
PTT,2026-09-25,43.0,-0.25,-0.578035,43.25,43.75,43.0,159410891,6903150.44875
PTTEP,2026-09-25,148.5,-2.0,-1.328904,150.0,150.0,148.5,9425516,1406757.5145
PTTGC,2026-09-25,49.0,-1.0,-2.0,50.0,51.0,49.0,26388629,1315439.545
QH,2026-09-25,1.37,-0.01,-0.724638,1.38,1.39,1.37,8556536,11806.90578
RATCH,2026-09-25,38.25,0.0,0.0,38.0,38.5,38.0,3128471,119710.7685
RBF,2026-09-25,4.98,-0.02,-0.4,5.0,5.05,4.94,1180300,5874.594
RCL,2026-09-25,49.75,0.25,0.505051,49.75,52.25,49.5,10161925,514887.61075
RJH,2026-09-25,15.0,-0.1,-0.662252,15.1,15.2,14.9,338577,5084.0159
ROJNA,2026-09-25,5.75,0.05,0.877193,5.7,5.75,5.7,551627,3156.30525
SAPPE,2026-09-25,31.5,-0.5,-1.5625,32.0,32.0,31.5,131281,4165.90925
SAT,2026-09-25,16.3,0.0,0.0,16.3,16.4,16.2,210924,3437.8414
SAWAD,2026-09-25,22.3,-0.1,-0.446429,22.4,22.5,22.3,4377052,97978.296
SC,2026-09-25,2.0,-0.02,-0.990099,2.02,2.02,1.99,3039995,6081.6415
SCB,2026-09-25,156.0,0.0,0.0,156.0,157.0,155.0,10361133,1615968.9925
SCC,2026-09-25,263.0,-4.0,-1.498127,266.0,268.0,263.0,3110715,824747.596
SCGP,2026-09-25,30.25,-0.25,-0.819672,30.5,30.75,30.0,5689836,172927.37125
SENA,2026-09-25,1.68,0.0,0.0,1.69,1.69,1.66,228311,381.86105
SGP,2026-09-25,9.4,0.0,0.0,9.45,9.45,9.3,115904,1085.62255
SINGER,2026-09-25,11.6,0.3,2.654867,11.5,11.7,11.4,3329350,38519.0109
SIRI,2026-09-25,1.46,0.01,0.689655,1.46,1.46,1.45,5691692,8277.26688
SIS,2026-09-25,24.3,0.3,1.25,24.0,24.4,24.0,186164,4509.089599999999
SJWD,2026-09-25,9.95,0.15,1.530612,9.75,10.0,9.75,1270075,12616.468550000001
SPALI,2026-09-25,16.2,0.2,1.25,16.0,16.2,16.0,3948659,63717.4955
SPCG,2026-09-25,11.6,0.2,1.754386,11.4,11.8,11.2,6900453,79517.1103
SPRC,2026-09-25,14.2,-0.3,-2.068966,14.5,14.7,14.2,16688455,240826.0465
SSP,2026-09-25,7.6,0.0,0.0,7.7,7.75,7.5,3493024,26731.729
STA,2026-09-25,21.6,-0.2,-0.917431,22.0,22.1,21.5,9200238,200034.67330000002
STGT,2026-09-25,10.9,0.0,0.0,10.9,11.1,10.8,1349205,14792.145
SUPER,2026-09-25,0.12,-0.01,-7.692308,0.13,0.13,0.12,10723604,1340.63652
SUPEREIF,2026-09-25,6.55,-0.05,-0.757576,6.6,6.6,6.55,178305,1171.72845
SYNEX,2026-09-25,9.5,0.0,0.0,9.5,9.55,9.45,627652,5961.3323
TASCO,2026-09-25,16.9,0.1,0.595238,16.8,16.9,16.6,6539218,109410.9615
TCAP,2026-09-25,82.75,-1.0,-1.19403,83.5,84.0,82.75,1552091,129299.23675
TFFIF,2026-09-25,7.05,0.05,0.714286,7.05,7.05,7.0,478966,3370.2564500000003
TFG,2026-09-25,9.75,-0.1,-1.015228,9.8,9.9,9.75,4319896,42361.5677
THANI,2026-09-25,2.16,0.04,1.886792,2.14,2.16,2.12,3391222,7255.184200000001
THG,2026-09-25,6.95,0.0,0.0,7.0,7.0,6.9,901749,6272.0389000000005
TIPH,2026-09-25,25.0,-0.25,-0.990099,25.25,25.5,25.0,235613,5901.328
TISCO,2026-09-25,127.0,-0.5,-0.392157,127.5,128.0,127.0,1815237,231247.4385
TKN,2026-09-25,4.66,0.2,4.484305,4.46,4.68,4.44,4311306,19821.92604
TKS,2026-09-25,8.0,-0.05,-0.621118,8.1,8.1,7.95,193120,1544.981
TOA,2026-09-25,15.3,0.0,0.0,15.2,15.3,15.1,3186417,48578.0329
TOP,2026-09-25,69.25,-2.5,-3.484321,71.5,72.25,69.25,21767322,1532561.24025
TPIPL,2026-09-25,0.92,-0.03,-3.157895,0.95,0.96,0.92,25347603,23785.32449
TPIPP,2026-09-25,1.68,-0.01,-0.591716,1.69,1.7,1.68,2572502,4336.28913
TQM,2026-09-25,15.3,-0.1,-0.649351,15.3,15.5,15.3,59381,914.0774
TRUE,2026-09-25,12.7,0.0,0.0,12.7,12.8,12.6,32985006,418486.993
TSE,2026-09-25,1.26,0.15,13.513514,1.12,1.3,1.12,123564005,150531.11589
TTA,2026-09-25,5.45,0.0,0.0,5.5,5.65,5.45,3468217,19162.24605
TTB,2026-09-25,3.06,-0.06,-1.923077,3.1,3.12,3.06,357318535,1099079.40316
TTLPF,2026-09-25,7.45,-0.05,-0.666667,7.5,7.5,7.45,104132,776.4011999999999
TTW,2026-09-25,10.2,0.1,0.990099,10.1,10.2,10.1,1257494,12758.9324
TU,2026-09-25,12.7,-0.6,-4.511278,13.1,13.2,12.6,55211958,708467.2603
TVO,2026-09-25,28.25,-0.75,-2.586207,29.0,29.0,28.25,580380,16503.4095
VGI,2026-09-25,0.98,0.01,1.030928,0.97,0.98,0.97,24790440,24205.0012
WHA,2026-09-25,4.76,-0.04,-0.833333,4.78,4.82,4.74,80835910,386414.84566000005
WHAIR,2026-09-25,8.5,0.0,0.0,8.55,8.55,8.5,215000,1828.66
WHART,2026-09-25,10.8,0.0,0.0,10.8,10.9,10.7,491331,5306.2972
WHAUP,2026-09-25,7.15,0.0,0.0,7.15,7.3,7.15,4743878,34142.7069
WICE,2026-09-25,3.2,-0.06,-1.840491,3.24,3.24,3.18,560244,1795.3560400000001
