name,shares,unit_cost,dividend,mkt_price,period,cost_amt,mkt_amt,div_amt,cost_pct,mkt_pct,pft_pct,div_rnk,amt_rnk
MCS,75000,15.3,0.95,7.8,2,1147500.0,585000.0,71250.0,6.21,12.18,-49.02,1.0,3.0
GVREIT,69000,7.75,0.7588,7.65,2,534750.0,527850.0,52357.2,9.79,9.92,-1.29,2.0,4.0
DIF,45000,12.7,0.8888,10.2,2,571500.0,459000.0,39996.0,7.0,8.71,-19.69,3.0,5.0
SENA,105000,4.48,0.1383,1.7,2,470400.0,178500.0,14521.5,3.09,8.14,-62.05,4.0,10.0
3BBIF,120000,10.1,0.5013,6.4,2,1212000.0,768000.0,60156.0,4.96,7.83,-36.63,5.0,1.0
PROSPECT,30000,9.7,0.721,10.1,2,291000.0,303000.0,21630.0,7.43,7.14,4.12,6.0,8.0
WHAIR,50000,8.7,0.5839,8.45,2,435000.0,422500.0,29195.0,6.71,6.91,-2.87,7.0,6.0
CPNREIT,55000,18.0,0.9085,13.2,2,990000.0,726000.0,49967.5,5.05,6.88,-26.67,8.0,2.0
TFFIF,25000,7.3,0.4653,7.0,2,182500.0,175000.0,11632.5,6.37,6.65,-4.11,9.0,11.0
AIMIRT,10000,11.3,0.82,12.4,2,113000.0,124000.0,8200.0,7.26,6.61,9.73,10.0,12.0
WHART,20000,12.3,0.6987,11.0,2,246000.0,220000.0,13974.0,5.68,6.35,-10.57,11.0,9.0
PTT,7500,32.0,2.3,40.75,2,240000.0,305625.0,17250.0,7.19,5.64,27.34,12.0,7.0
