date,setindex
2024-09-24,1462.1
2024-09-25,1461.58
2024-09-26,1455.03
2024-09-27,1450.15
2024-09-30,1448.83
2024-10-01,1464.66
2024-10-02,1451.4
2024-10-03,1442.73
2024-10-04,1444.25
2024-10-07,1452.2
2024-10-08,1452.8
2024-10-09,1456.97
2024-10-10,1468.52
2024-10-11,1470.1
2024-10-15,1465.03
2024-10-16,1485.01
2024-10-17,1495.02
2024-10-18,1489.82
2024-10-21,1488.74
2024-10-22,1470.32
2024-10-24,1460.64
2024-10-25,1463.42
2024-10-29,1451.16
2024-10-30,1447.2
2024-10-31,1466.04
2024-11-01,1464.17
2024-11-04,1462.95
2024-11-05,1481.67
2024-11-06,1467.42
2024-11-07,1474.69
2024-11-08,1464.69
2024-11-11,1456.47
2024-11-12,1445.07
2024-11-13,1451.47
2024-11-14,1450.12
2024-11-15,1442.63
2024-11-18,1452.78
2024-11-19,1460.11
2024-11-20,1462.48
2024-11-21,1440.46
2024-11-22,1446.3
2024-11-26,1438.25
2024-11-27,1430.4
2024-11-28,1428.01
2024-11-29,1427.54
2024-12-02,1437.11
2024-12-03,1454.76
2024-12-04,1450.82
2024-12-06,1451.14
2024-12-09,1447.53
2024-12-11,1443.05
2024-12-12,1439.89
2024-12-13,1431.67
2024-12-16,1419.72
2024-12-17,1395.57
2024-12-20,1365.07
2024-12-23,1386.91
2024-12-24,1394.67
2024-12-25,1400.85
2024-12-26,1397.8
2024-12-27,1401.46
2024-12-30,1400.21
2025-01-02,1379.85
2025-01-03,1384.76
2025-01-06,1372.65
2025-01-07,1390.88
2025-01-08,1387.72
2025-01-09,1362.97
2025-01-10,1367.99
2025-01-13,1354.34
2025-01-14,1340.25
2025-01-15,1353.17
2025-01-16,1352.56
2025-01-17,1340.63
2025-01-20,1340.5
2025-01-21,1352.53
2025-01-22,1361.77
2025-01-23,1344.17
2025-01-24,1354.07
2025-01-27,1340.94
2025-01-28,1345.77
2025-01-29,1343.19
2025-01-30,1335.64
2025-01-31,1314.5
2025-02-03,1304.39
2025-02-04,1301.02
2025-02-05,1286.74
2025-02-06,1262.07
2025-02-07,1282.09
2025-02-10,1270.49
2025-02-11,1283.97
2025-02-13,1284.11
2025-02-14,1272.1
2025-02-17,1256.48
2025-02-18,1257.48
2025-02-19,1262.67
2025-02-20,1245.61
2025-02-21,1246.21
2025-02-24,1235.85
2025-02-25,1206.39
2025-02-26,1231.14
2025-02-27,1215.73
2025-02-28,1203.72
2025-03-03,1188.41
2025-03-04,1177.64
2025-03-05,1206.96
2025-03-06,1189.55
2025-03-07,1202.03
2025-03-10,1177.44
2025-03-11,1187.63
2025-03-12,1160.06
2025-03-13,1159.64
2025-03-14,1173.74
2025-03-17,1170.2
2025-03-18,1176.17
2025-03-19,1189.66
2025-03-20,1181.71
2025-03-21,1186.61
2025-03-24,1190.06
2025-03-25,1184.93
2025-03-26,1190.36
2025-03-27,1187.9
2025-03-28,1175.45
2025-03-31,1158.09
2025-04-01,1168.02
2025-04-02,1172.69
2025-04-03,1161.81
2025-04-04,1125.21
2025-04-08,1074.59
2025-04-09,1088.18
2025-04-10,1133.95
2025-04-11,1128.66
2025-04-16,1138.9
2025-04-17,1141.28
2025-04-18,1150.95
2025-04-21,1134.71
2025-04-22,1144.05
2025-04-23,1153.77
2025-04-24,1146.86
2025-04-25,1159.0
2025-04-28,1159.53
2025-04-29,1171.12
2025-04-30,1197.26
2025-05-02,1198.98
2025-05-06,1187.86
2025-05-07,1220.27
2025-05-08,1206.59
2025-05-09,1210.94
2025-05-13,1214.39
2025-05-14,1216.71
2025-05-15,1194.49
2025-05-16,1195.77
2025-05-19,1187.06
2025-05-20,1189.14
2025-05-21,1179.81
2025-05-22,1173.37
2025-05-23,1176.36
2025-05-26,1178.43
2025-05-27,1163.42
2025-05-28,1160.74
2025-05-29,1164.01
2025-05-30,1149.18
2025-06-04,1132.02
2025-06-05,1140.63
2025-06-06,1136.43
2025-06-09,1135.24
2025-06-10,1139.16
2025-06-11,1141.58
2025-06-12,1128.62
2025-06-13,1122.7
2025-06-16,1114.49
2025-06-17,1113.58
2025-06-18,1094.58
2025-06-19,1068.73
2025-06-20,1067.63
2025-06-23,1062.78
2025-06-24,1100.01
2025-06-25,1107.69
2025-06-26,1106.73
2025-06-27,1082.42
2025-06-30,1089.56
2025-07-01,1110.01
2025-07-02,1115.69
2025-07-03,1127.21
2025-07-04,1119.94
2025-07-07,1123.0
2025-07-08,1115.65
2025-07-09,1110.4
2025-07-11,1121.13
2025-07-14,1143.31
2025-07-15,1161.01
2025-07-16,1157.63
2025-07-17,1198.11
2025-07-18,1206.58
2025-07-21,1208.13
2025-07-22,1191.75
2025-07-23,1219.62
2025-07-24,1212.49
2025-07-25,1217.15
2025-07-29,1233.68
2025-07-30,1244.14
2025-07-31,1242.35
2025-08-01,1218.33
2025-08-04,1229.4
2025-08-05,1246.96
2025-08-06,1264.47
2025-08-07,1265.15
2025-08-08,1259.07
2025-08-13,1277.43
2025-08-14,1266.67
2025-08-15,1259.42
2025-08-18,1242.31
2025-08-19,1235.76
2025-08-20,1248.13
2025-08-21,1244.79
2025-08-22,1253.39
2025-08-25,1262.67
2025-08-26,1251.26
2025-08-27,1248.03
2025-08-28,1250.09
2025-08-29,1236.61
2025-09-01,1244.48
2025-09-02,1248.78
2025-09-03,1259.31
2025-09-04,1252.55
2025-09-05,1264.8
2025-09-08,1266.11
2025-09-09,1276.08
2025-09-10,1278.05
2025-09-11,1288.03
2025-09-12,1293.62
2025-09-15,1299.78
2025-09-16,1308.19
2025-09-17,1306.69
2025-09-18,1297.01
2025-09-19,1292.72
2025-09-22,1282.54
2025-09-23,1273.2
2025-09-24,1278.41
2025-09-25,1288.26
2025-09-26,1278.74
2025-09-29,1288.07
2025-09-30,1274.17
2025-10-01,1275.03
2025-10-02,1288.29
2025-10-03,1293.61
2025-10-06,1286.54
2025-10-07,1305.24
2025-10-08,1304.92
2025-10-09,1313.99
2025-10-10,1286.98
2025-10-14,1266.38
2025-10-15,1286.69
2025-10-16,1291.46
2025-10-17,1274.61
2025-10-20,1284.47
2025-10-21,1290.72
2025-10-22,1302.35
2025-10-24,1313.91
2025-10-27,1323.52
2025-10-29,1315.64
2025-10-30,1314.65
2025-10-31,1309.5
2025-11-03,1308.86
2025-11-04,1298.6
2025-11-05,1295.29
2025-11-06,1313.31
2025-11-07,1302.91
2025-11-10,1306.26
2025-11-11,1300.47
2025-11-12,1284.81
2025-11-13,1287.44
2025-11-14,1269.26
2025-11-17,1280.07
2025-11-18,1270.04
2025-11-19,1272.17
2025-11-20,1281.81
2025-11-21,1254.4
2025-11-24,1252.73
2025-11-25,1268.78
2025-11-26,1261.18
2025-11-27,1252.71
2025-11-28,1256.69
2025-12-01,1276.57
2025-12-02,1277.58
2025-12-03,1274.82
2025-12-04,1273.77
2025-12-08,1261.39
2025-12-09,1269.87
2025-12-11,1253.54
2025-12-12,1254.1
2025-12-16,1260.68
2025-12-17,1256.85
2025-12-18,1250.07
2025-12-19,1252.19
2025-12-22,1269.68
2025-12-23,1271.11
2025-12-24,1275.33
2025-12-25,1264.77
2025-12-26,1259.25
2025-12-29,1254.03
2025-12-30,1259.67
2026-01-05,1280.05
2026-01-06,1274.75
2026-01-07,1280.82
2026-01-08,1253.6
2026-01-09,1254.09
2026-01-12,1242.2
2026-01-13,1235.3
2026-01-14,1244.3
2026-01-15,1261.39
2026-01-16,1275.6
2026-01-19,1283.2
2026-01-20,1296.37
2026-01-21,1317.56
2026-01-22,1311.64
2026-01-23,1314.39
2026-01-26,1307.07
2026-01-27,1334.45
2026-01-28,1338.9
2026-01-29,1331.07
2026-01-30,1325.62
2026-02-02,1321.42
2026-02-03,1336.11
2026-02-04,1346.54
2026-02-05,1346.23
2026-02-06,1354.01
2026-02-09,1400.89
2026-02-10,1410.44
2026-02-11,1411.7
2026-02-12,1441.53
2026-02-13,1430.41
2026-02-16,1438.09
2026-02-17,1459.68
2026-02-18,1466.67
2026-02-19,1493.91
2026-02-20,1479.71
2026-02-23,1480.24
2026-02-24,1490.4
2026-02-25,1516.01
2026-02-26,1533.64
2026-02-27,1528.26
2026-03-02,1466.51
2026-03-04,1384.61
2026-03-05,1417.29
2026-03-06,1410.37
2026-03-09,1382.97
2026-03-10,1405.76
2026-03-11,1407.34
2026-03-12,1429.8
2026-03-13,1409.35
2026-03-16,1405.02
2026-03-17,1433.88
2026-03-18,1440.85
2026-03-19,1417.45
2026-03-20,1432.99
2026-03-23,1397.34
2026-03-24,1410.39
2026-03-25,1457.91
2026-03-26,1442.92
2026-03-27,1447.05
2026-03-30,1449.62
2026-03-31,1448.14
2026-04-01,1470.99
2026-04-02,1465.72
2026-04-03,1454.0
2026-04-07,1464.43
2026-04-08,1485.03
2026-04-09,1489.66
2026-04-10,1506.84
2026-04-16,1489.73
2026-04-17,1482.45
2026-04-20,1481.85
2026-04-21,1483.5
2026-04-22,1479.75
2026-04-23,1461.35
2026-04-24,1456.1
2026-04-27,1479.13
2026-04-28,1480.2
2026-04-29,1491.47
2026-04-30,1493.69
2026-05-05,1490.1
2026-05-06,1516.91
2026-05-07,1507.53
2026-05-08,1500.36
2026-05-11,1489.29
2026-05-12,1483.56
2026-05-13,1517.26
2026-05-14,1539.12
2026-05-15,1517.95
2026-05-18,1517.74
2026-05-19,1516.69
2026-05-20,1528.43
2026-05-21,1532.67
2026-05-22,1538.67
2026-05-25,1550.33
2026-05-26,1553.36
2026-05-27,1570.95
2026-05-28,1568.97
2026-05-29,1568.37
2026-06-02,1588.06
2026-06-04,1594.79
2026-06-05,1582.6
2026-06-08,1561.68
2026-06-09,1584.14
2026-06-10,1563.59
2026-06-11,1572.32
2026-06-12,1592.41
2026-06-15,1591.72
2026-06-16,1588.05
2026-06-17,1587.07
2026-06-18,1585.06
2026-06-19,1572.5
2026-06-22,1574.13
2026-06-23,1540.9
2026-06-24,1548.22
2026-06-25,1558.55
2026-06-26,1542.34
2026-06-29,1577.81
2026-06-30,1591.24
2026-07-01,1588.23
2026-07-02,1593.56
2026-07-03,1611.28
2026-07-06,1616.88
2026-07-07,1604.13
2026-07-08,1576.25
2026-07-09,1608.3
2026-07-10,1621.55
2026-07-13,1627.9
2026-07-14,1626.03
2026-07-15,1630.21
2026-07-16,1635.29
2026-07-17,1639.04
2026-07-20,1646.0
2026-07-21,1652.97
2026-07-22,1639.34
2026-07-23,1641.03
2026-07-24,1644.39
2026-07-27,1624.47
2026-07-30,1598.11
2026-07-31,1623.64
2026-08-03,1621.9
2026-08-04,1617.13
2026-08-05,1609.78
2026-08-06,1614.64
2026-08-07,1612.0
2026-08-10,1624.36
2026-08-11,1612.62
2026-08-13,1614.36
2026-08-14,1609.06
2026-08-17,1626.44
2026-08-18,1621.62
2026-08-19,1609.76
2026-08-20,1609.99
2026-08-21,1613.78
2026-08-24,1601.05
2026-08-25,1596.01
2026-08-26,1601.92
2026-08-27,1600.7
2026-08-28,1588.22
2026-08-31,1595.16
2026-09-01,1588.68
2026-09-02,1575.07
2026-09-03,1576.92
2026-09-04,1595.58
2026-09-07,1618.82
2026-09-08,1621.89
2026-09-09,1617.89
2026-09-10,1615.07
2026-09-11,1604.52
2026-09-14,1591.07
2026-09-15,1578.66
2026-09-16,1562.73
2026-09-17,1583.34
2026-09-18,1584.15
2026-09-21,1598.03
2026-09-22,1604.44
2026-09-23,1610.7
