name,date,0.0,0.0,0.0,0.0,0,0,0,0,0.0
ACE,2026-09-25,1.33,1.34,1.3,0.040000000000000036,4,1,3,4078506,1.3
ADVANC,2026-09-25,345.0,348.0,343.0,5.0,5,3,2,4474128,344.0
AEONTS,2026-09-25,95.5,96.0,95.0,1.0,4,2,2,505543,95.5
AH,2026-09-25,15.5,15.6,15.3,0.29999999999999893,3,1,2,219657,15.5
AIE,2026-09-25,1.59,1.65,1.59,0.05999999999999983,6,6,0,1823715,1.63
AIMIRT,2026-09-25,12.4,12.4,12.2,0.20000000000000107,2,0,2,224296,12.2
AIT,2026-09-25,4.82,4.84,4.78,0.05999999999999961,3,1,2,397741,4.8
AMATA,2026-09-25,33.5,34.25,33.5,0.75,3,3,0,5369309,34.25
ANAN,2026-09-25,0.31,0.32,0.31,0.010000000000000009,1,1,0,974130,0.32
AOT,2026-09-25,62.25,62.25,61.5,0.75,3,0,3,9410985,61.75
AP,2026-09-25,7.9,7.95,7.85,0.10000000000000053,2,1,1,5556616,7.9
ASIAN,2026-09-25,7.2,7.25,7.15,0.09999999999999964,2,1,1,704262,7.25
ASK,2026-09-25,10.0,10.2,9.95,0.25,3,2,1,345040,10.0
ASP,2026-09-25,2.38,2.4,2.36,0.040000000000000036,2,1,1,380485,2.38
ASW,2026-09-25,7.7,7.8,7.6,0.20000000000000018,4,2,2,46220,7.8
AWC,2026-09-25,3.14,3.18,3.08,0.10000000000000009,5,2,3,70058439,3.08
BA,2026-09-25,19.5,19.6,19.4,0.20000000000000284,2,1,1,3927837,19.4
BAM,2026-09-25,6.8,6.9,6.75,0.15000000000000036,3,2,1,15325426,6.8
BBL,2026-09-25,193.0,194.5,192.5,2.0,4,3,1,5132391,192.5
BCH,2026-09-25,11.4,11.7,11.3,0.3999999999999986,4,3,1,38116403,11.5
BCP,2026-09-25,55.0,57.25,54.75,2.5,10,9,1,22724699,56.0
BCPG,2026-09-25,6.7,6.75,6.65,0.09999999999999964,2,1,1,7541028,6.75
BDMS,2026-09-25,20.2,20.2,19.9,0.3000000000000007,3,0,3,23123318,20.0
BEC,2026-09-25,1.9,1.92,1.9,0.020000000000000018,2,2,0,335094,1.92
BEM,2026-09-25,6.55,6.7,6.55,0.15000000000000036,3,3,0,33604141,6.7
BGRIM,2026-09-25,19.3,19.5,19.0,0.5,5,2,3,15345734,19.0
BH,2026-09-25,197.5,197.5,196.0,1.5,3,0,3,2453191,196.0
BJC,2026-09-25,17.9,17.9,17.7,0.1999999999999993,2,0,2,3887325,17.8
BLA,2026-09-25,24.0,24.3,24.0,0.3000000000000007,3,3,0,1621339,24.3
BLAND,2026-09-25,0.57,0.58,0.57,0.010000000000000009,1,1,0,4479702,0.57
BTS,2026-09-25,2.0,2.02,1.99,0.030000000000000027,2,1,1,33702614,2.0
BTSGIF,2026-09-25,2.12,2.14,2.12,0.020000000000000018,1,1,0,3819614,2.14
CBG,2026-09-25,55.25,56.5,55.25,1.25,5,5,0,3978531,55.5
CENTEL,2026-09-25,43.75,44.25,43.5,0.75,3,2,1,619252,44.0
CHG,2026-09-25,1.58,1.6,1.56,0.040000000000000036,4,2,2,56847453,1.57
CK,2026-09-25,17.9,18.2,17.8,0.3999999999999986,4,3,1,6672184,17.8
CKP,2026-09-25,2.42,2.44,2.4,0.040000000000000036,2,1,1,2940300,2.42
COM7,2026-09-25,30.75,30.75,30.25,0.5,2,0,2,4089851,30.5
CPALL,2026-09-25,44.0,44.25,43.75,0.5,2,1,1,29780464,44.0
CPF,2026-09-25,21.8,22.1,21.8,0.3000000000000007,3,3,0,16447392,22.0
CPN,2026-09-25,63.0,63.25,62.5,0.75,3,1,2,4995056,63.0
CPNCG,2026-09-25,5.2,5.25,5.2,0.04999999999999982,1,1,0,217304,5.2
CPNREIT,2026-09-25,13.3,13.3,13.2,0.10000000000000142,1,0,1,788943,13.3
CRC,2026-09-25,30.0,30.5,29.75,0.75,3,2,1,2505846,29.75
DELTA,2026-09-25,263.0,264.0,257.0,7.0,7,1,6,30586909,257.0
DIF,2026-09-25,10.2,10.2,10.1,0.09999999999999964,1,0,1,2408390,10.2
DOHOME,2026-09-25,3.4,3.46,3.38,0.08000000000000007,4,3,1,10032138,3.44
EA,2026-09-25,2.82,2.84,2.8,0.040000000000000036,2,1,1,26367711,2.82
EGATIF,2026-09-25,6.05,6.1,6.05,0.04999999999999982,1,1,0,399620,6.05
EGCO,2026-09-25,129.5,130.5,129.0,1.5,3,2,1,460979,129.5
EPG,2026-09-25,6.25,6.3,6.15,0.14999999999999947,3,1,2,9611723,6.15
FORTH,2026-09-25,15.2,15.5,14.6,0.9000000000000004,9,3,6,5108578,14.6
GFPT,2026-09-25,10.7,10.8,10.6,0.20000000000000107,2,1,1,440419,10.8
GLOBAL,2026-09-25,6.45,6.5,6.35,0.15000000000000036,3,1,2,11641086,6.4
GPSC,2026-09-25,48.75,49.25,48.5,0.75,3,2,1,6013235,48.5
GULF,2026-09-25,60.75,61.0,60.0,1.0,4,1,3,26253652,60.25
GUNKUL,2026-09-25,5.3,5.45,5.15,0.2999999999999998,6,3,3,231388798,5.15
GVREIT,2026-09-25,7.6,7.6,7.55,0.04999999999999982,1,0,1,203934,7.55
HANA,2026-09-25,50.5,51.25,50.25,1.0,4,3,1,14845076,51.0
HFT,2026-09-25,4.12,4.14,4.06,0.08000000000000007,4,1,3,129902,4.06
HMPRO,2026-09-25,6.2,6.25,6.15,0.09999999999999964,2,1,1,10382894,6.2
HTC,2026-09-25,15.4,15.6,15.4,0.1999999999999993,2,2,0,360345,15.5
ICHI,2026-09-25,13.8,13.9,13.7,0.20000000000000107,2,1,1,1796350,13.8
III,2026-09-25,4.98,5.15,4.98,0.16999999999999993,4,4,0,1546077,5.05
ILM,2026-09-25,13.7,13.8,13.6,0.20000000000000107,2,1,1,57118,13.7
IMPACT,2026-09-25,13.2,13.3,13.1,0.20000000000000107,2,1,1,99936,13.3
IRPC,2026-09-25,3.06,3.16,3.04,0.1200000000000001,6,5,1,139677392,3.12
IVL,2026-09-25,28.5,29.25,28.25,1.0,4,3,1,17823470,28.75
3BBIF,2026-09-25,6.45,6.45,6.4,0.04999999999999982,1,0,1,2021401,6.4
JMART,2026-09-25,10.1,10.2,10.1,0.09999999999999964,1,1,0,847724,10.2
JMT,2026-09-25,10.5,10.6,10.5,0.09999999999999964,1,1,0,2038080,10.5
KBANK,2026-09-25,252.0,254.0,251.0,3.0,3,2,1,8649353,253.0
KCE,2026-09-25,66.25,67.75,66.25,1.5,6,6,0,9713281,67.25
KGI,2026-09-25,4.78,4.82,4.78,0.040000000000000036,2,2,0,724706,4.78
KKP,2026-09-25,115.0,116.5,115.0,1.5,3,3,0,3946807,115.5
KTB,2026-09-25,44.25,45.0,44.25,0.75,3,3,0,65528320,44.75
KTC,2026-09-25,36.75,37.0,36.5,0.5,2,1,1,2502476,36.75
LALIN,2026-09-25,4.22,4.28,4.22,0.0600000000000005,3,3,0,165331,4.24
LANNA,2026-09-25,14.9,14.9,14.8,0.09999999999999964,1,0,1,117273,14.9
LH,2026-09-25,3.62,3.64,3.62,0.020000000000000018,1,1,0,7671080,3.62
LPN,2026-09-25,1.6,1.6,1.56,0.040000000000000036,4,0,4,627261,1.57
M,2026-09-25,20.8,21.0,20.8,0.1999999999999993,2,2,0,368094,21.0
MAJOR,2026-09-25,7.2,7.25,7.15,0.09999999999999964,2,1,1,1373731,7.2
MC,2026-09-25,11.4,11.4,11.3,0.09999999999999964,1,0,1,330422,11.4
MCS,2026-09-25,7.8,7.8,7.75,0.04999999999999982,1,0,1,160955,7.75
MEGA,2026-09-25,34.75,35.0,34.5,0.5,2,1,1,438571,34.5
MINT,2026-09-25,21.6,21.7,21.5,0.1999999999999993,2,1,1,10792531,21.6
MTC,2026-09-25,29.0,29.0,28.5,0.5,2,0,2,6491162,28.75
NER,2026-09-25,4.66,4.72,4.66,0.05999999999999961,3,3,0,2356090,4.7
NOBLE,2026-09-25,1.43,1.45,1.43,0.020000000000000018,2,2,0,493653,1.44
OR,2026-09-25,12.4,12.5,12.3,0.1999999999999993,2,1,1,10562714,12.3
ORI,2026-09-25,1.8,1.81,1.79,0.020000000000000018,2,1,1,614822,1.79
OSP,2026-09-25,16.3,16.4,16.2,0.1999999999999993,2,1,1,6901598,16.3
PLANB,2026-09-25,6.05,6.1,5.85,0.25,5,1,4,17691634,5.85
POPF,2026-09-25,8.7,8.75,8.7,0.05000000000000071,1,1,0,369400,8.7
PRM,2026-09-25,9.3,9.55,9.3,0.25,5,5,0,6257308,9.35
PROSPECT,2026-09-25,9.5,9.55,9.45,0.10000000000000142,2,1,1,2134081,9.5
PSH,2026-09-25,3.84,3.86,3.82,0.040000000000000036,2,1,1,128067,3.86
PSL,2026-09-25,10.6,11.0,10.6,0.40000000000000036,4,4,0,8936099,10.8
PTG,2026-09-25,8.25,8.45,8.15,0.29999999999999893,6,4,2,12161033,8.3
PTT,2026-09-25,43.0,43.75,43.0,0.75,3,3,0,159410891,43.25
PTTEP,2026-09-25,148.5,150.0,148.5,1.5,3,3,0,9425516,150.0
PTTGC,2026-09-25,49.0,51.0,49.0,2.0,8,8,0,26388629,50.0
QH,2026-09-25,1.37,1.39,1.37,0.019999999999999796,2,2,0,8556536,1.38
RATCH,2026-09-25,38.25,38.5,38.0,0.5,2,1,1,3128471,38.0
RBF,2026-09-25,4.98,5.05,4.94,0.10999999999999943,4,2,2,1180300,5.0
RCL,2026-09-25,49.75,52.25,49.5,2.75,11,10,1,10161925,49.75
RJH,2026-09-25,15.0,15.2,14.9,0.29999999999999893,3,2,1,338577,15.1
ROJNA,2026-09-25,5.75,5.75,5.7,0.04999999999999982,1,0,1,551627,5.7
SAPPE,2026-09-25,31.5,32.0,31.5,0.5,2,2,0,131281,32.0
SAT,2026-09-25,16.3,16.4,16.2,0.1999999999999993,2,1,1,210924,16.3
SAWAD,2026-09-25,22.3,22.5,22.3,0.1999999999999993,2,2,0,4377052,22.4
SC,2026-09-25,2.0,2.02,1.99,0.030000000000000027,2,1,1,3039995,2.02
SCB,2026-09-25,156.0,157.0,155.0,2.0,4,2,2,10361133,156.0
SCC,2026-09-25,263.0,268.0,263.0,5.0,5,5,0,3110715,266.0
SCGP,2026-09-25,30.25,30.75,30.0,0.75,3,2,1,5689836,30.5
SENA,2026-09-25,1.68,1.69,1.66,0.030000000000000027,3,1,2,228311,1.69
SGP,2026-09-25,9.4,9.45,9.3,0.14999999999999858,3,1,2,115904,9.45
SINGER,2026-09-25,11.6,11.7,11.4,0.29999999999999893,3,1,2,3329350,11.5
SIRI,2026-09-25,1.46,1.46,1.45,0.010000000000000009,1,0,1,5691692,1.46
SIS,2026-09-25,24.3,24.4,24.0,0.3999999999999986,4,1,3,186164,24.0
SJWD,2026-09-25,9.95,10.0,9.75,0.25,5,1,4,1270075,9.75
SPALI,2026-09-25,16.2,16.2,16.0,0.1999999999999993,2,0,2,3948659,16.0
SPCG,2026-09-25,11.6,11.8,11.2,0.6000000000000014,6,2,4,6900453,11.4
SPRC,2026-09-25,14.2,14.7,14.2,0.5,5,5,0,16688455,14.5
SSP,2026-09-25,7.6,7.75,7.5,0.25,5,3,2,3493024,7.7
STA,2026-09-25,21.6,22.1,21.5,0.6000000000000014,6,5,1,9200238,22.0
STGT,2026-09-25,10.9,11.1,10.8,0.29999999999999893,3,2,1,1349205,10.9
SUPER,2026-09-25,0.12,0.13,0.12,0.010000000000000009,1,1,0,10723604,0.13
SUPEREIF,2026-09-25,6.55,6.6,6.55,0.04999999999999982,1,1,0,178305,6.6
SYNEX,2026-09-25,9.5,9.55,9.45,0.10000000000000142,2,1,1,627652,9.5
TASCO,2026-09-25,16.9,16.9,16.6,0.29999999999999716,3,0,3,6539218,16.8
TCAP,2026-09-25,82.75,84.0,82.75,1.25,5,5,0,1552091,83.5
TFFIF,2026-09-25,7.05,7.05,7.0,0.04999999999999982,1,0,1,478966,7.05
TFG,2026-09-25,9.75,9.9,9.75,0.15000000000000036,3,3,0,4319896,9.8
THANI,2026-09-25,2.16,2.16,2.12,0.040000000000000036,2,0,2,3391222,2.14
THG,2026-09-25,6.95,7.0,6.9,0.09999999999999964,2,1,1,901749,7.0
TIPH,2026-09-25,25.0,25.5,25.0,0.5,2,2,0,235613,25.25
TISCO,2026-09-25,127.0,128.0,127.0,1.0,2,2,0,1815237,127.5
TKN,2026-09-25,4.66,4.68,4.44,0.23999999999999932,12,1,11,4311306,4.46
TKS,2026-09-25,8.0,8.1,7.95,0.14999999999999947,3,2,1,193120,8.1
TOA,2026-09-25,15.3,15.3,15.1,0.20000000000000107,2,0,2,3186417,15.2
TOP,2026-09-25,69.25,72.25,69.25,3.0,12,12,0,21767322,71.5
TPIPL,2026-09-25,0.92,0.96,0.92,0.039999999999999925,4,4,0,25347603,0.95
TPIPP,2026-09-25,1.68,1.7,1.68,0.020000000000000018,2,2,0,2572502,1.69
TQM,2026-09-25,15.3,15.5,15.3,0.1999999999999993,2,2,0,59381,15.3
TRUE,2026-09-25,12.7,12.8,12.6,0.20000000000000107,2,1,1,32985006,12.7
TSE,2026-09-25,1.26,1.3,1.12,0.17999999999999994,18,4,14,123564005,1.12
TTA,2026-09-25,5.45,5.65,5.45,0.20000000000000018,4,4,0,3468217,5.5
TTB,2026-09-25,3.06,3.12,3.06,0.06000000000000005,3,3,0,357318535,3.1
TTLPF,2026-09-25,7.45,7.5,7.45,0.04999999999999982,1,1,0,104132,7.5
TTW,2026-09-25,10.2,10.2,10.1,0.09999999999999964,1,0,1,1257494,10.1
TU,2026-09-25,12.7,13.2,12.6,0.5999999999999996,6,5,1,55211958,13.1
TVO,2026-09-25,28.25,29.0,28.25,0.75,3,3,0,580380,29.0
VGI,2026-09-25,0.98,0.98,0.97,0.010000000000000009,1,0,1,24790440,0.97
WHA,2026-09-25,4.76,4.82,4.74,0.08000000000000007,4,3,1,80835910,4.78
WHAIR,2026-09-25,8.5,8.55,8.5,0.05000000000000071,1,1,0,215000,8.55
WHART,2026-09-25,10.8,10.9,10.7,0.20000000000000107,2,1,1,491331,10.8
WHAUP,2026-09-25,7.15,7.3,7.15,0.14999999999999947,3,3,0,4743878,7.15
WICE,2026-09-25,3.2,3.24,3.18,0.06000000000000005,3,2,1,560244,3.24
