videoId,publishedAt,title
R5Zr91fqGJo,2026-08-28 12:31:01,NENE ROYAL'S GEMS 16yo   EP 10  -  OST From NENE ROYAL'S Videos
_xbrVms3A08,2026-08-22 22:41:53,Comment ça va  -  Patrick Sébastien  -  Lyrics & English translation
LXW4ljJRTeM,2026-08-16 17:44:12,"NENE ROYAL'S GEMS 16yo   EP 9  -  OST From NENE ROYAL's Tiktok, FB, IG, Youtube,..., Videos & Photos"
oK65B7N8VmE,2026-08-10 19:32:02,"NENE ROYAL'S GEMS 16yo   EP 8  -  OSF From NENE ROYAL Tiktok, FB, IG, Youtube"
RS6eWdIFJMw,2026-07-31 15:04:16,"NENE ROYAL’S GEMS 16yo   EP 6  -  OST From NENE ROYAL IG, FB, TIKTOK, YT,..."
KBKty-7cnEk,2026-07-27 16:17:19,Married To The Blues  -  Cover by NENE ROYAL - Lyrics & Thai translation
sEcYM4jOf5c,2026-07-25 17:51:39,"NENE ROYAL’S GEMS 16yo – EP 5  OST From NENE ROYAL'S VIDEO From Her IG, FB, YT, ...."
7gGCxsRWrEE,2026-07-22 11:54:46,Lovely  (Billie Eilish) Cover by NENE Royal -  Lyrics & Thai Translation
igrge3YUT7E,2026-07-19 08:40:28,Always Somewhere (1979) Scorpions. Cover by NENE ROYAL - Lyrics & Thai Translation
CKws6S2QdXE,2026-07-18 18:01:35,"NENE ROYAL'S GEMS 16yo   EP 4  -  OST From NENE VIDEOS IG TIKTOK FB, YT...."
0wPnimHikgY,2026-07-16 23:04:25,"NENE ROYAL'S GEMS 16yo   EP 3  -  OST From NENE ROYAL'S IG FB TIKTOK YT & REACT-VIDEO,From the World"
2jRQPhOAQck,2026-07-16 06:31:59,NENE ROYAL'S GEMS 16yo   EP 2 - OST From NENE ROYAL'S VIDEO From Her IG FACEBOOK TIKTOK YOUTUBE ....
maGYyNDljwE,2026-07-13 06:29:38,NENE ROYAL'S GEMS 16yo   EP 1  OST From NENE ROYAL IG TIKTOK....
tXjG966wL8s,2026-07-04 19:05:58,บัญชารัก - Thai Lyrics + English translation
9yyyMLXqH-0,2026-06-28 20:01:55,Parlez moi d'Amour  -  Tatiana Eva-Marie & Avalon Jazz Band Cover French Lyric & English Translation
xJswULLoRTY,2026-06-26 17:08:36,Sous Le Ciel de PARIS  -  Jolie Môme Cover  -  French lyrics & English translation
tlk9pJM9qTo,2026-06-15 22:18:35,From Diana With Love EP 16  -  OST From Thai Actress & MODEL DIANA FLIPO
MGCVnfhYFKQ,2026-06-06 19:45:35,Tous Les Garçons et Les Filles  (1962) - FRANÇOISE HARDY -  French lyrics & Thai Translation
qIZLrP4B6CQ,2026-06-06 14:11:34,From Diana With Love EP 15 - OST From Thai Actress & Model DIANA FLIPO
LwuD6v_JR_s,2026-05-29 11:21:04,From Diana With Love EP 14 - OST From Thai Actress & Model DIANA FLIPO
8PAsGByDJGQ,2026-05-27 09:56:40,From Diana With Love EP 13  -  OST From Thai Actress & Model DIANA FLIPO
BZp7h0utAWA,2026-05-26 12:29:02,I Only Want To Be With You  -  Karen Noble  -  Lyrics on screen
43hxYojoWSE,2026-05-24 18:46:39,คืนนี้พี่คอยเจ้า  -  เบิร์ด ธงไชย แมคอินไตย  -  Thai lyrics & English translation
1UDR9BYgkrc,2026-05-13 08:16:34,From Diana With Love EP 12  -  OST From Thai Actress & Model DIANA FLIPO Video's Tiktok IG Facebook
6yo7dIB_AQM,2026-05-07 07:44:04,You Mean Everything To Me  (1961)  -  NEIL SEDAKA  -  Lyrics
R9LPBVobGyg,2026-05-01 22:15:43,กลิ่นโคลนสาบควาย  -  สุนารี ราชสีมา  -  Thai lyrics & English translation
qLxlcPQFJ_8,2026-04-20 00:42:00,รักฉันนั้นเพื่อเธอ -  cover ต้อม เรนโบว์  - Thai lyrics & English Translation
1SzzAS2U2oE,2026-04-17 18:29:56,From Diana WithLove EP 11  -  OST From Thai Actress & Model DIANA FLIPO Photo - Video TIKTOK FB IG
YgeErNsoT_I,2026-04-08 22:22:30,Diana  (1957)  -  Paul ANKA  -  Lyrics
yKXmQ0aNIxs,2026-04-06 13:56:42,When I Fall In Love -  Marilyn Monroe - Lyrics
L-UPQBp9ODc,2026-04-04 18:50:29,From Diana With Love EP 10  -  OST From Thai Actress & Model DIANA FLIPO
42dx8abUEEI,2026-03-27 18:18:44,ในฝัน  -  ทูล ทองใจ  Thai lyrics & English translation #แม่ไม้เพลงไทย #original
JSYl4rQq66s,2026-03-22 09:25:32,From Diana With Love EP 09  -  OST From Thai Actress & Model DIANA FLIPO TIKTOK  & FB Video
oRFXUV1TxE0,2026-03-16 23:03:03,คำมั่นสัญญา  -  (กุ้ง) กิตติคุณ เชียรสงค์  -  Thai lyrics & English translation
IHhoJa-iWZg,2026-03-08 13:56:32,From Diana With Love EP 08  -  OST From Thai ACTRESS & MODEL DIANA FLIPO - TIKTOK and FACEBOOK
vhnBxVMhKZo,2026-03-06 20:37:06,Return To Sender  (1962)  -  ELVIS PRESLEY  -  Lyrics
gQVLIIlBYgQ,2026-02-26 00:45:04,From Diana With Love EP 07  -  OST From Thai Actress & Model Diana FLIPO Video
Gzt1vObj4gs,2026-02-17 14:28:16,From Diana With Love EP 06  -  OST From Thai STAR & ACTRESS  DIANA FLIPO Videos
D-RHT2Ua_lg,2026-02-04 15:39:23,From Diana With Love EP 05  -  OST From Thai Star & Actress DIANA FLIPO Videos
0OrNsy5Lj1g,2026-01-25 00:48:05,From Diana With Love EP 04  -  OST From Thai Star & Actress DIANA FLIPO Videos
Ee88OqX7qXM,2026-01-11 23:05:24,From Diana With Love EP 03  -  OST  From Thai Star & Actress DIANA FLIPO Videos
kuuBgrZU6lI,2026-01-04 01:18:44,From Diana With Love EP 02  -  OST From Thai Star & Actress DIANA FLIPO Videos
eSqRseK5v4U,2025-12-30 21:11:06,From Diana With Love EP 01 -  OST -  From Thai Star & Actress Diana Flipo's TIKTOK
llW95rBqmEk,2025-12-23 23:28:34,Top Of The World  ( 1972 )  -  THE CARPENTERS  -  Lyrics on screen
evZt8854XNc,2025-12-20 09:56:08,Elle était si jolie  (1963)  -  Alain Barrière  -  French lyrics & English translation
lpBVABHDwbo,2025-12-14 20:46:28,วนาสวาส  -  ศรัณยู วงษ์กระจ่าง & รัญญา ศิยานนท์  -  Thai lyrics & English translate
ZvpeH7FtI8g,2025-12-07 00:59:56,It's Impossible  (1970)  -  PERRY COMO  -  Lyrics
BN0KK0BABO8,2025-12-01 23:25:48,ลมจ๋า  -  Bird ธงไชย แมคอินไตย์  -  Thai lyrics & English translation
Vi_2mHoYMH0,2025-11-26 23:36:49,มนต์รักเรียกหา  -  กุ้ง กิตติคุณ เชียรสงค์  -  Thai lyrics & English translation
sOSnOqSTI0Q,2025-11-23 14:22:20,Sukiyaki  (1961)  -  Kyu Sakamoto  -  Japanese Lyrics & English Translation
wmg-C7ar45g,2025-11-15 22:42:54,Manuela  (1974)  -  (canción de Julio Iglesias) JULIO IGLESIAS Lyrics
oxoqU-rwnx4,2025-11-12 00:38:34,แก้บน  -  ก้านตอง ทุ่งเงิน  -  Thai lyrics & English translation
532qv2xu1Vc,2025-11-01 09:23:38,Forever and Ever  (1973)  DEMIS ROUSSOS  -  Lyrics
Ylcdv4Qdmmk,2025-10-25 09:31:57,Voilà  (1967)  -  Françoise HARDY  -  Lyrics français & English translation
hxHYYxdwGR4,2025-09-21 20:39:45,I'm On My Way  (1962)  -  CLIFF RICHARD  -  Lyrics on screen
Ggvuyx-pBVE,2025-09-18 09:47:36,ความในใจ  -  ไข่มุก เพ็ญสินี  -  Thai Lyrics & English Translation
L2XX1c2iTOU,2025-09-12 22:11:24,VISION  (1968)  -  CLIFF RICHARD  -  Lyrics
34AMaQvtAsc,2025-08-17 19:50:00,ถ้าหัวใจมีปีก  -  ไข่มุก เพ็ญสินี  -  Thai lyrics & English trans  ( If my heart had wings to fly )
QWk6sL65U5Q,2025-08-12 11:36:22,Only With You  -  Song and lyrics by M Sonic Journey  -  Lyrics on screen
2ZRyT_pjaJQ,2025-08-04 08:16:34,คืนอำลา  -  กุ้ง กิตติคุณ เชียรสงค์  -  Thai lyrics & English translation
TZ6gZ3YziDA,2025-07-27 18:41:47,Can't Help Falling in Love  (with The Royal Philharmonic Orchestra)  -   Lyrics
BCb8a-mBE-I,2025-07-06 20:33:36,I Can't Stop Loving You   (1963)  -  JOHNNY TILLOTSON  -  Lyrics
gkPOuRRaWF0,2025-06-29 13:59:31,There's Always Me Elvis Presley  (1961)  -  Lyrics
gfwYdKhxzOo,2025-06-08 12:56:37,สาวขอนแก่น  -  Thai Lyrics & English translation
TtDzbll7PdI,2025-05-22 08:40:35,มีแต่คิดถึง เบิร์ด ธงไชย  -  Thai Lyrics & English translation
OeLHl2c16ak,2025-05-13 07:45:41,Moonlight Shadow  -  DANA WINNER  -  Lyrics on screen
pxmpZ5B83Ms,2025-04-07 22:54:41,เธอ YOU   BIRD เบิร์ด ธงไชย แมคอินไตย์  -  Thai lyrics & English Translation
Fj5lWUIhMD0,2025-04-03 16:11:53,犯错 Fàncuò (2017) -  Making Mistakes by Gu Feng Siqin Gaoli - Lyrics
2nCu7KNGR-g,2025-03-28 20:01:59,I'll Always Love You  (1992)  -  WHITNEY HOUSTON  - Lyrics on screen
UJOxJtWOrxk,2025-03-05 08:25:59,And I Love you So  -  ELVIS PRESLEY  -  Lyrics on the screen
Uyp_657V_Lg,2025-01-23 09:28:28,Love Letters  (1969)   -   ENGELBERT HUMPERDINCK  -  Lyrics on  screen
MOdKvgPUmmk,2025-01-21 06:02:25,Love Letters  (1963)  -  PATTI PAGE  -  Lyrics on screen
1rxTVVItVus,2025-01-18 10:38:41,Stoney  (1973)  -  LOBO  -  Lyrics on screen
QkRxKTyc3SI,2025-01-01 23:08:43,คือหัตถาครองพิภพ  -  ศรัณย่า ส่งเสริมสวัสดิ์  -  Thai lyrics & English translation
aKQGARYH1j0,2024-12-29 15:49:01,Woman in Love   -   DANA WINNER  -  Lyrics on screen
RqiKNIU9pxU,2024-12-19 00:12:42,สวยจริงๆ   -   สุรพล สมบัติเจริญ  -  Thai lyrics & English translation
dMjoRAWVErw,2024-12-08 18:03:16,Je me suis souvent demandé  (1965)  -   RICHARD ANTHONY  -  French Lyrics  & English translation
8-1oss0pfTc,2024-11-25 11:03:19,Forever and Ever  -  ENGELBERT HUMPERDINCK  -  Lyrics
ZvyKmKKas-w,2024-11-19 06:46:00,Can't Help Falling in Love  (1961)  -  ELVIS PRESLEY  -  Lyrics
H3QQpOGDwTM,2024-11-10 17:09:43,Somewhere My Love  (1967)  -  ANDY WILLIAMS  -  Lyrics
kL0BptXnN8U,2024-09-30 15:04:57,This Is My Song  -   Engelbert Humperdinck  -  Lyrics
3rCx7ucFvQE,2024-09-11 07:57:08,"ข้ามเวลา - Violette Wautier - from ""พรหมลิขิต Love Destiny 2"" - Thai Lyrics & English."
39atfDuFf54,2024-09-08 09:58:54,Fairy Tale  MICHAEL LEARNS TO ROCK (Vdo in New Version) - Lyrics
G933LmvDBBY,2024-09-07 16:02:36,I Will Follow You  (1963)  -   RICKY NELSON  -  Lyrics
Y-6GjnjVaSA,2024-08-27 17:08:02,Forever Young -  Cover by :  UNDRESSD - Lyrics
Rbx2azZUD9U,2024-08-11 10:37:33,ETERNALLY  (since 1952)  -  ENGELBERT HUMPERDINCK  -  Lyrics
dR34wW7e3RM,2024-08-03 11:13:02,Those were the days  (1968)  -  MARY HOPKIN  -  Lyrics
kxS7zwCtF9Y,2024-07-25 18:50:35,The Impossible Dream  -   CONNIE FRANCIS  -  Lyrics
adu3UF9oOPo,2024-07-22 07:23:59,If You Love Me  (1976)  -  MARY HOPKIN  -  Lyrics
LNvgySqH9I4,2024-07-05 09:07:06,The Ding Dong Song ( since 1959 )  -  PAN WAN CHING (1965)  -  Lyrics English & Chinese
IcD6uX7khKA,2024-06-13 16:10:51,Capri C'est Fini  (1965)  -  HERVE VILARD  -  Lyrics & English translation
_IM7WZpcT7w,2024-06-02 22:53:36,Bengawan Solo  ( Since 1940)  -  Version by Kavie Lee - Lyrics
jW5p6Vg5CPk,2024-05-28 14:03:10,"Non, Je Ne Regrette Rien  (1960)  -  EDITH PIAF  -  French lyrics & English translation"
QSY_hjAZsSA,2024-05-25 08:17:55,คนจะรักกัน   -   สุเทพ วงศ์กำแหง   -   Thai lyrics & English translation
OVYSIhJVr1s,2024-05-19 14:54:22,Les Divorcés (1973)  -  MICHEL DELPECH  -  French lyrics & English Translation
KBSpN4ImP5I,2024-05-10 12:58:58,Always On My Mind  -  ELVIS PRESLEY  -  Lyrics
OyqtV7b0Kl0,2024-04-07 11:27:59,J'entends Siffler Le Train  (1962)  -  Richard Anthony  -  Lyrics & English Translation
Qp8NitSl66I,2024-04-04 06:24:58,Everybody Loves Champagne  -  DJ SR  -  SHUFFLE DANCE
cVMF9lMCw_o,2024-03-25 05:49:10,Constantly  (1964)  -  CLIFF RICHARD  -  Lyrics
RAbDsm1vupY,2024-02-28 07:04:53,Le Ruisseau De Mon Enfance  (1969)  -  SALVATORE ADAMO  -  French lyrics & English translation
w5Qta0c-0Zs,2024-02-21 07:22:46,La Plus Belle Pour Aller Danser  (1964)  -   SYLVIE VARTAN  -  French lyrics & English Translation
-kb6y9LFZD8,2024-02-04 09:39:08,J'ai Jeté Mon Coeur  -  (1962 )  -  Françoise HARDY  -  French lyrics & English translation
-VMO9LZ9U48,2024-01-22 10:22:34,Ton Meilleur Ami  (1962)  -  FRANÇOISE HARDY  -  French lyrics & English Translation
w0BBSw9eQhM,2024-01-15 06:57:47,La Maison Où J'ai Grandi  (1966)  -  FRANCOISE HARDY  - French lyrics & English Translation
dTbvW_-E0iE,2024-01-07 11:02:45,J'ai Deux Amours  -  Cover by Chantal Chamberland  -  French lyrics & English translation.
cMj_w3hv0l4,2024-01-05 14:05:22,J'ai Deux Amours  (1930)  -  Joséphine BAKER  -  Lyrics & English Translation
8ZmYIfbvfUw,2023-12-29 09:26:37,La Mer  (1946 Charles Trenet) cover by Tatiana Eva-Marie & Avalon Jazz Band
4FM77S5czTA,2023-12-23 09:45:31,Les Feuilles Mortes  -  YVES MONTAND  -  Live à l'Olympia   1981  -  Lyrics
gj0zVh2xnpY,2023-12-15 20:07:44,Sleepy Lagoon  -  Original since 1940s  -  Music and Song : Today
j1iVa8Bk3a0,2023-12-12 19:55:22,She's Not You  (1962)  -  ELVIS PRESLEY  -  Lyrics
tudi8IhWhIM,2023-12-07 11:07:34,Don't Play That Song  (1962)  -  BEN E. KING  -  Lyrics
zToyvUZP9q0,2023-11-02 07:15:18,The Young Ones  (1961)  -  CLIFF RICHARD  -  Lyrics
UCZ5Fm5jKMY,2023-10-28 17:08:53,Knowing Me Knowing You  (1977)   -    ABBA   -  Lyrics
AGLjsEEVh6A,2023-09-02 05:51:33,You Never Can Tell  -  (1964)  -  CHUCK BERRY  -  Lyrics
3d4AAPazIEc,2023-08-22 11:51:50,Limbo Rock   -   THE VENTURES
w-UFvRgNAOY,2023-08-21 16:15:27,Red River Rock  (1962)   -   THE VENTURES
wjh7IFh3chw,2023-08-16 23:52:56,Vincent  -  ( Starry Night )  -  LIANNE LA HAVAS  -   Lyrics
LG4AoGUyjyc,2023-08-14 18:55:47,Lonesome Cowboy  (1957)  -   ELVIS PRESLEY  -  Lyrics
qPDZhGbdbjE,2023-06-08 10:55:00,I Won't Forget You  (1964)   JIMMY REEVES   -   Lyrics
-oqm4z4RWGQ,2023-04-28 16:15:36,Kiss Me Goodbye  (1969)  -  CONNIE FRANCIS  -  Lyrics
Ojejo2JYqmQ,2023-01-18 17:11:05,Super Trouper  (1980)  -  ABBA  - With Lyrics
V34E5lLQ-90,2022-12-30 08:47:34,Wonderful Tonight  (1977)   -   ERIC CLAPTON   -   with Lyrics
8pAFyw5v_5s,2022-12-11 06:58:04,Pretty Blue Eyes  cover by The Coverbeats  -  with  Lyrics
yvp2S8CWzh0,2022-12-09 07:47:52,Perfect  Ed Sheeran   cover  by  @freecoustic with Lyrics
9Crz0GDN1eQ,2022-11-23 16:52:17,California Dreamin'  (1965)  -  THE MAMAS & THE PAPAS  - Lyrics
oIDMGlnkMJw,2022-09-20 08:43:09,JOHNNY ANGEL & THERE'S A KIND OF HUSH  (1960s - 1970s)  -  THE CARPENTERS  -  Lyrics
HnKaySI8--c,2022-08-13 23:35:45,YELLOW RIVER  (1970)  -  CHRISTIE  -  Lyrics
6kD7zEdDwZI,2022-07-15 23:06:03,"Quando, quando, quando  (1968)  -  ENGELBERT HUMPERDINCK  -  Lyrics"
HbxOzsmaYes,2022-06-08 08:39:34,NEVER ON SUNDAY  (1961)  -  Connie Francis  -  Lyrics
2KCyPzcOleo,2022-02-19 23:03:28,Don't Gamble With Love  (1959)  -  PAUL ANKA  -  Lyrics
V0aSO9mJArc,2022-01-23 00:47:09,Down Home  (1963)  -  RICKY NELSON  -  Lyrics
xFhK55_PJ2U,2021-12-29 22:06:46,If Tomorrow Never Comes   -   ENGELBERT HUMPERDINCK   -   Lyrics
zZATvCqAvGE,2021-12-15 17:15:15,Goodbye  ( 1969 )  -  MARY HOPKIN  -  Lyrics
gb7IWPeBc_U,2021-12-12 08:30:50,Stand By Your Man  -   CARLA BRUNI  -  Lyrics
6j_fVdAXSJw,2021-11-02 08:12:46,( Such An ) Easy Question (1962)  -  ELVIS PRESLEY  -  Lyrics
T0YGEmoBmyQ,2021-10-03 08:59:00,Scarborough Fair  -  Lyrics
SJrQ8h1ygRM,2021-08-30 21:40:28,Help Me Make It Through The Night  (1970)   -   SAMMI SMITH  -  Lyrics
ycSgiMNbDJc,2021-08-25 09:06:20,Hymne à l'Amour  ( EDITH PIAF)  -  Music by  FRANCK POURCEL
wfrs86HpfE0,2021-08-22 16:40:37,Yesterday  -  PERRY COMO  -  Lyrics
3w9sLpu3adw,2021-07-23 05:14:41,There's A Kind Of Hush  (1966)  -   ENGELBERT HUMPERDINCK  -  Lyrics
_Yc3N-bD4xU,2021-07-03 23:25:06,Fairy Tale  -   MICHAEL LEARNS TO ROCK  -   Lyrics
KfN0GLtzLko,2021-06-29 09:07:32,Mila  ( Chinese version )  with  English subtitles
xEjMktVpzqc,2021-06-27 20:18:45,Downtown  (1965)  -   PETULA CLARK  -  Lyrics
402_IqgyaCo,2021-05-18 08:41:42,La Mer  -  (1976) -   DALIDA  - French lyrics + English subtitle
SkbrxOZ-Zl4,2021-05-01 18:32:30,Girls Just Wanna Have Fun   -  MILEY CYRUS  -   Lyrics
MSl0edkpqiA,2021-03-18 22:08:19,Inside Of My Guitar   (1979)  -  TRACY HUANG  -  Lyrics
uOv66HFqEZI,2021-02-05 10:42:48,El Condor Pasa  -  MUSIC  -   DANIELA DE SANTOS
OuT67TXWwv8,2021-01-26 22:48:06,Forever Young   -  UNDRESSD  -  Lyrics
NcUbgGqoFbY,2021-01-15 23:34:30,La Vie En Rose  (1965)  -  DALIDA  - Lyrics with English translation
bEkcB6t8rbk,2021-01-06 22:29:49,The Way We Were  (1973)  -  PERRY COMO  -  Lyrics
dgWu942t3-g,2020-12-17 23:00:08,Secret Love  (1963)  -  CLIFF RICHARD  -  Lyrics
j_efw1-3OvU,2020-11-15 08:25:39,Morning Has Broken  (1971)  -  CAT STEVENS  -  Lyrics
PrA7USyeXRw,2020-11-07 09:54:51,Try To Remember  (1965)  -  THE BROTHERS FOUR  -  Lyrics
9FhIXaYLcPc,2020-10-30 09:54:39,"Que Sera Sera (What ever will be, will be) (1962)  -  CONNIE FRANCIS  -  Lyrics"
25dAa293YUo,2020-09-18 07:19:52,All I Have To Do Is Dream  (1958)  -  THE EVERLY BROTHERS  -  Lyrics
t-VlsA0uplE,2020-08-28 07:24:56,Dream Lover  (1959)  -  BOBBY DARIN  -  Lyrics
n0mdmxHCheo,2020-08-12 07:10:35,Don't Throw Your Love Away  (1964)  -  THE SEARCHERS  -  Lyrics
xS_ctH9WqJ4,2020-07-30 08:11:23,DONNA  (1959)  -  CLIFF RICHARD  -  Lyrics
phB-bwC0FTg,2020-07-27 08:51:25,C'EST A L'AMOUR AUQUEL JE PENSE  (1965)  -  FRANCOISE HARDY  -  Lyrics with english subtitles
HrY-c9DDztU,2020-07-06 12:47:50,Where The Boys Are  (1961)  -  CONNIE FRANCIS  -  Lyrics
2SO9jebiGDo,2020-06-13 12:12:54,In The Ghetto  (1969)  -  ELVIS PRESLEY  -  Lyrics
Nhr9OX1oBow,2020-05-23 16:55:43,I Really Don't Want To Know  (1954)  -  EDDY ARNOLD  -  Lyrics
pGoKJgpnxWc,2020-05-20 06:29:31,I'd Love You To Want Me  (1972)  -  LOBO  -  Lyrics
7az7Uq1mAdQ,2020-04-17 22:23:41,Snowbird  (1969)  -  ANNE MURRAY  -  Lyrics
3PkZMvusUd8,2020-04-07 12:05:13,Where Have All The Flowers Gone  (1961)  -  Kingston Trio  -  Lyrics
DV6dVuNyjG4,2020-03-29 08:01:28,It Must Be Him  (1967)  -  VIKKI CARR  - Lyrics
lNMVdpv7zvo,2020-03-14 17:24:49,Forever Young  (2006 Remix)  -  TEMPERANCE  -  Lyrics
eGrh2dc640w,2020-03-12 07:27:18,If You Love Me  (1961)  -  BRENDA LEE -  Lyrics
_cV6xNdYB5w,2020-02-08 13:45:35,Clementine  (1965)  -  CONNIE FRANCIS  - Lyrics
QzSSrKPMOag,2020-01-25 11:22:37,Fernando  (1976)  -  ABBA  -  Lyrics
aUwfbMT8MTE,2020-01-05 09:36:46,It's Now Or Never  (1960)  -  ELVIS PRESLEY  -  Lyrics
DyACc-u9fsM,2019-12-31 10:12:52,Dark Moon  (1957)  -  JIM REEVES  -  Lyrics
LjXovDetyuc,2019-12-27 09:28:40,Ghost Riders In The Sky  -  PEGGY LEE  -  Lyrics
Z5pfG2KXz4o,2019-12-24 18:19:29,Tequila  (1961)  -  THE VENTURES  -  Music  (Guitars)
c3iSNTiBq8Q,2019-12-21 18:43:29,Feelings  (1978)  -  PERRY COMO  -  Lyrics
JUqPXXCUOns,2019-11-01 22:59:31,Where Is Your Heart  (1961)  -  CONNIE FRANCIS  -  Lyrics
Ud4OK1lwt50,2019-10-21 09:33:11,Unchained Melody  (1965)  -  RIGHTEOUS BROTHERS  - Lyrics
2eXDr8KIM64,2019-10-18 22:51:00,Flaming Star (1960)  -  ELVIS PRESLEY  -  Lyrics
lWv6xoFQLa0,2019-09-29 09:37:07,Blue Star (1960)  -  THE SHADOWS  -  Music
dEp3lXDRxSc,2019-09-22 10:05:34,Put Your Head On My Shoulder (1959)  -  PAUL ANKA  - Lyrics
pw0vAO1vf3I,2019-09-14 07:40:04,Tender Feeling  (1964)  -  ELVIS PRESLEY  -  Lyrics
4HUcr1AEHms,2019-08-16 09:36:12,A Time For Us (Love Theme from Romeo & Juliet) 1968  -  Engelbert Humperdinck  - Lyrics
P_eA-Z1-BMs,2019-07-26 16:04:34,Return To Me  (1958)  -  DEAN MARTIN  -  Lyrics
rxr5jEgTg00,2019-07-11 18:56:40,Where do I begin (theme from Love Story) 1970  -  Andy Williams  -  Lyrics
_SF3cSsC5y4,2019-05-23 14:41:11,"Love Me, Please Love Me  (1966)  -  MICHEL POLNAREFF  -  Lyrics"
3eZVHkQiOp4,2019-05-06 11:33:23,Born Free  (1968)  -  ANDY WILLIAMS  - Lyrics
EBloXQTKG0A,2019-04-20 08:25:38,Pocketful Of Rainbows  (1960)  -  ELVIS PRESLEY  -  Lyrics
NDIHdddd6D0,2019-04-11 05:33:02,ຈຳປາເມືອງລາວ  -  NOI SENGSOULIGNA  -  Lao lyrics & English subtitles
KuNqXHb4lpg,2019-04-04 08:56:29,River Of No Return  (1954)  -  MARILYN MONROE  -  Lyrics
qQzjc5TqAXs,2019-03-28 06:05:44,Around The World  (1961)  -  CONNIE FRANCIS  -  Lyrics
bHW65-bqBuQ,2019-03-27 11:05:43,I Only Want To Be With You  (1964)  -  DUSTY SPRINGFIELD  -  Lyrics
T5ozcAQeUUw,2019-03-24 18:59:42,Who'll Stop The Rain  (1970)  -  CCR  (Creedence Clearwater Revival)  -   Lyrics
cqSD9EtqBIk,2019-03-22 05:58:24,Earth Angel  -  MARVIN BERRY  -  Lyrics
PGOIL1dlj6E,2019-03-21 15:15:47,Eternally  (1958)  -  SARAH VAUGHAN  -  Lyrics
saqoZutCSjA,2019-03-21 08:32:16,Three Coins In The Fountain  (1961)  -  Connie Francis  -  Lyrics
9RWwhadHz0M,2019-03-03 11:37:25,Try To Remember  (1968)  -  PERRY COMO  -  Lyrics
V-4IT8XHGE0,2019-03-02 12:42:45,California Dreamin'  -  DJ SAMMY  -  Lyrics
bZMy2J7Lcl4,2019-01-31 06:05:11,Venus (1959)  -  FRANKIE AVALON  -  Lyrics
TSMgoPK0UbQ,2019-01-15 16:07:25,The Impossible Dream  ( 1971 )  -  ANDY WILLIAMS  -  Lyrics
s4NFn-wVu90,2019-01-04 17:33:39,Al Di La  (1962)  -  CONNIE FRANCIS  -  Lyrics
qzli38upq1o,2018-12-25 11:23:42,Moon River  ( 1962 )  -  ANDY WILLIAMS  -  Lyrics
ylqAfN2To3k,2018-12-25 10:25:57,Tell Laura I Love Her  ( 1960 )  -  RICKY VALANCE  -  Lyrics
fcX8wWqkUqU,2018-12-23 13:07:44,Young Love  ( 1960 )  -  CONNIE FRANCIS  -  Lyrics
rJJBYyxFbDU,2018-12-21 15:54:52,The Sound Of Silence video  -  DANA WINNER  -  Lyrics
16BTMG1XQs4,2018-12-18 07:08:34,Ding Dong Song  (1959)  -  TSAI CHIN  -  Lyrics
eel7KPJFbP0,2018-12-01 16:04:13,The Wedding  (1964)  -  JULIE ROGERS  -  Lyrics
a1cYnkNpNzw,2018-11-25 17:37:13,Moon River  -  ANDREA ROSS  -  Lyrics
6ii69sxsACo,2018-10-26 08:12:35,If I Give My Heart To You  (1965)  -  CLIFF RICHARD  -  Lyrics
lYx04K487Zg,2018-09-23 10:18:37,TILL  (1965)  -  ANDY WILLIAMS  -  Lyrics
ktn7CEU0lr0,2018-08-26 15:10:24,D I S C O  (1979)  -  OTTAWAN  -  Lyrics
WSi-qwBcZQM,2018-08-25 10:40:47,Are You Lonesome Tonight  (1960)  -  ELVIS PRESLEY  -  Lyrics
1zRI25Aub58,2018-08-19 17:57:09,Dream Lover  -  LOBO  - (new video)
g6cXEvdNVEE,2018-08-14 09:02:12,I ll Never Dance Again video  (1965)  -  HERMAN'S HERMITS  -  Lyrics
tHn9LDpCJYQ,2018-07-28 12:48:59,Scarborough Fair  (original: 19th Century)  -  Hayley Westenra  -  Lyrics
SZeDasHy2kI,2018-07-15 08:21:19,Without You  (1971)  -  HARRY NILSSON  -  Lyrics
XHJWBv0mh3A,2018-07-06 06:25:36,Aline  (1965)  -  CHRISTOPHE  -  French lyrics + English subtitles
9OhvWIQCaUk,2018-06-15 09:47:57,Love Is A Many Splendored Thing  (1962)  -  ANDY WILLIAMS  -  Lyrics
JjELyYeQNFw,2018-05-23 20:42:04,Please Mister Postman  -  NICOLE THERIAULT  -  Lyrics
036Vm1d2FEI,2018-05-13 15:02:18,Smoke gets in your eyes  -  ENGELBERT HUMPERDINCK  -  Lyrics
i0JzphRZOiU,2018-04-26 12:42:02,Everybody's Somebody's Fool  (1960)  -  CONNIE FRANCIS  -  Lyrics
WU7Wcb1iaQ8,2018-04-07 23:02:56,Fascination  (1959)  -  PAT BOONE  - Lyrics
U9nC7oqjbUc,2018-03-26 13:20:24,Tonight My Love Tonight  (1961)  -  PAUL ANKA  -  Lyrics
zQHrNfCg6v4,2018-02-21 15:01:54,When A Man Loves A Woman  (1966)  -  PERCY SLEDGE  -  Lyrics
VjddISteG-8,2018-02-18 22:29:17,Bye Bye Love  (1964)  -  CONNIE FRANCIS  -  Lyrics
mdmww9F0i6k,2018-02-08 14:40:27,Kiss Me Goodbye  (1968)  -  PETULA CLARK  -  Lyrics
AlSjx6F5Pl8,2018-01-19 13:49:47,Cotton Fields (1969)  -  CREEDENCE CLEARWATER REVIVAL (CCR)  - Lyrics
uXjoA9kfdMY,2017-12-29 15:25:55,Heartaches By Number  (1962)  -  CONNIE FRANCIS  - Lyrics
0hhN13Qzl-Q,2017-12-17 18:38:40,For The Millionth And The Last Time  (1965)  -  ELVIS PRESLEY  -  Lyrics
wruWxKGqvSg,2017-12-11 14:21:40,Jambalaya  (1973)  -  THE CARPENTERS  -  Lyrics
ASwjDYtWZpg,2017-11-30 11:32:39,Honky Tonk Man  (1956)  -  JOHNNY HORTON  -  Lyrics
iCNN71bBqkM,2017-11-13 13:07:00,Nobody's Child  (1969)  -  KAREN YOUNG  -  Lyrics
WFrxo1i2Cyw,2017-11-05 10:18:58,Inside of my guitar  (1976)  -  BELLAMY BROTHERS  -  Lyrics
x3krisJnQf4,2017-10-29 15:13:11,Calcutta  ( 1961 )  -  THE FOUR PREPS  -  Lyrics
_CrD6Rb15c0,2017-10-22 06:13:36,Your Cheatin' Heart  ( 1959 )  -  CONNIE FRANCIS  -  Lyrics
zCszcbGhXY8,2017-10-15 16:15:59,Speedy Gonzales  (1962)  -  PAT BOONE  -  Lyrics
M3TlO8fF8E4,2017-10-10 09:11:28,Pretty Little Baby  ( 1962  )  -  CONNIE FRANCIS  -  Lyrics
NjzxRRA1_4s,2017-09-30 13:43:10,A Man Without Love (1968)  -  ENGELBERT HUMPERDINCK  -  Lyrics
fqdp3O-SehQ,2017-09-22 19:03:51,Corinna Corinna ( 1960 )  -  RAY PETERSON  -  Lyrics
d36F2itwU_8,2017-09-16 22:02:11,Sealed With A Kiss  -  DANA WINNER  -  Lyrics
SLdPYg5Be5Q,2017-09-09 14:47:42,Au coeur de septembre ( 1967 ) - NANA MOUSKOURI - French lyrics + english translation
CziVmYd3TJE,2017-07-16 05:41:37,Sayonara  Japanese Goodbye  ( 1957 )  -  Lyrics
vdz_7uH8T0o,2017-06-25 16:26:03,Such A Night  (1960)  -  ELVIS PRESLEY  -  Lyrics
T5Ec5RhsEnw,2017-06-05 14:15:14,In The Chapel In The Moonlight  ( 1967 )  -  DEAN MARTIN  -  Lyrics
-_2yzGfoU2M,2017-04-28 16:15:38,Hey Paula  (1962)  -  PAUL & PAULA  -  Lyrics
-d6C4gf4kXs,2017-04-19 08:43:13,You Are My Sunshine   -  ELIZABETH MITCHELL  -  Lyrisc
SWwPbxZiRs8,2017-04-11 11:02:56,I'd Love You To Want Me ( 1972 )  -  LOBO  -  Lyrics
u5KV1_lFwQo,2017-03-26 07:17:51,Release Me  ( 1967 )  -  ENGELBERT HUMPERDINCK  -  Lyrics
mXX7cUVokXM,2017-03-19 14:32:36,Cold Cold Heart ( 1960s )  -  CONNIE FRANCIS  -  Lyrics
7S09jh__qQM,2017-03-11 07:26:16,Too Many Rules ( 1961 )  -  Connie Francis  -  Lyrics
Qeb8BdYK-fM,2017-03-05 15:24:27,Puppy Love  ( 1960 )  -  PAUL ANKA  - Lyrics
EAM2ajaMx3I,2017-02-23 23:36:57,There Goes My Everything ( 1967 ) -  Engelbert Humperdinck -  Lyrics
IiUV8t6Mfno,2017-02-14 23:40:57,Whispering Pines ( 1959 )  -  JOHNNY HORTON  -  Lyrics
vUwgXzSZeC0,2017-02-09 10:38:59,Mama Don't Cry At My Wedding ( 1962 )  -  SUE THOMPSON - Lyrics
B1fmyPVR078,2017-01-31 12:14:50,Spanish Eyes ( 1968 ) - ENGELBERT HUMPERDINCK - Lyrics
PPip27zO9-o,2017-01-08 06:21:34,Secret Love ( 1953 ) - DORIS DAY - Lyrics
F4FbISbQGHs,2016-12-21 11:13:59,Greenfields (1960) - THE BROTHERS FOUR - Lyrics
aN85vc8DMWQ,2016-11-28 09:16:23,Sealed With A Kiss ( 1962 ) - BRIAN HYLAND - Lyrics
5SkrJr-yXCY,2016-11-12 23:46:27,Itsy Bitsy Teenie Weenie Yellow Polka Dot Bikini ( 1960 ) - BRIAN HYLAND - Lyrics
qbCIEp408sw,2016-10-31 23:12:43,When The Boy In Your Arms ( 1961 ) - CONNIE FRANCIS - Lyrics
pJRfflALbbc,2016-10-19 09:37:38,Follow The Boys ( 1963 ) - CONNIE FRANCIS - Lyrics
M8vTvCZzBRQ,2016-09-25 12:11:31,Buttons And Bows ( 1948 ) - DINAH SHORE - Lyrics
pKqfYRpc_9U,2016-08-15 21:41:05,The Way It Used To Be ( 1969 ) - ENGELBERT HUMPERDINCK - Lyrics
AKUDkFKkbxU,2016-08-13 20:09:43,Frankie ( 1959 ) - CONNIE FRANCIS - Lyrics
3IfAdD0K_mU,2016-07-18 06:29:42,Lara's Theme ( DR. ZHIVAGO 1965 ) ROYAL PHILHARMONIC ORCHESTRA
OJDV-K8cUC0,2016-07-13 13:01:44,Poor Little Fool ( 1958 ) - RICKY NELSON - Lyrics
g-ekedPCwzE,2016-06-21 17:55:45,I Love You Because ( 1964 ) - JIM REEVES - Lyrics
udKKo8P_624,2016-06-16 17:36:49,Daydream ( 1969 ) - THE WALLACE COLLECTION - Lyrics
a1hPn6CKq7g,2016-06-16 11:45:58,Lipstick on your collar ( 1958 ) - CONNIE FRANCIS - Lyrics
K81MZplOnfU,2016-06-13 19:58:58,Love Me With All Of Your Heart ( 1970 ) - ENGELBERT HUMPERDINCK - Lyrics
VbGkOfSwYxo,2016-06-09 19:31:35,If The Boy Only Knew ( 1962 ) - SUE THOMPSON - Lyrics
EFfIDiwa684,2016-06-06 19:41:41,Why ( 1959 ) - FRANKIE AVALON - Lyrics
tRXDQQKGwK4,2016-05-27 06:30:55,谁来爱我  Who Will Love Me  -  TERESA TENG  鄧麗君 - Lyrics + English Subtitles
C3P9ACu0YKo,2016-05-15 06:48:57,His Lastest Flame ( 1961 ) - ELVIS PRESLEY - Lyrics
nnp9UYWoIRc,2016-04-09 15:28:48,More ( Popular song 1940s ) - Doris Day ( 1960s ) - Lyrics
srOVTsVKLKQ,2016-03-30 10:35:29,Princess Princess ( 1960 ) - JOHNNY TILLOTSON - Lyrics
tW16w7Ge0BE,2016-03-21 16:01:03,A Summer Place ( 1962 ) - ANDY WILLIAMS - Lyrics
Tt_2zCtZ_7M,2016-03-14 08:13:59,Sleepy Lagoon ( 1940s popular music standard ) 1960 by DORIS DAY - Lyrics
WYPotgIRBRU,2016-03-01 09:26:13,Singin' The Blues ( 1960s ) - CONNIE FRANCIS - Lyrics
2ou_jGjxFEI,2016-02-20 12:12:40,Lonely Boy ( 1959 ) - PAUL ANKA - Lyrics
JVnQ7q6UKdU,2016-01-27 10:43:19,Roses Are Red ( 1964 ) - BOBBY VINTON - Lyrics
gE1OpXVKUWQ,2016-01-18 16:02:48,Two Of A Kind ( 1962 ) - SUE THOMPSON - Lyrics
lVGt6Q9b0VU,2016-01-13 14:42:25,Careless Love ( Rare ) 1961 - CONNIE FRANCIS - Lyrics
V4iTdMyL_9s,2015-12-28 20:09:17,Killing Me Softly With Her Song ( 1973 ) - PERRY COMO - Lyrics
D91vohWTHzE,2015-12-09 08:38:54,Your Love ( RARE ) 1961 - CONNIE FRANCIS - Lyrics
iwoIWKHgb48,2015-11-27 18:22:41,Willie Can ( 1962 ) - SUE THOMPSON - Lyrics
Ux7OpDlzkeU,2015-11-21 23:37:30,I Can't Help It If I'm Still In Love With You ( 1965 ) - SUE THOMPSON - Lyrics
HY5GNmgJJDE,2015-11-05 14:39:22,You Don't Have To Say You Love Me ( 1966 ) - DUSTY SPRINGFIELD - Lyrics
mSUeZrHDegw,2015-11-03 13:18:31,If We Are Only Friends ( F.Hardy's 1966 Cover ) - TRACY HUANG - Lyrics
zgahK5FMwYs,2015-10-27 11:34:05,Changing Partners ( 1953 ) - PATTI PAGE - Lyrics
D_cbcmeinAo,2015-10-02 07:32:12,April Love ( 1961 ) - CONNIE FRANCIS - Lyrics
LcMMbVh8JEU,2015-10-02 07:18:59,Someone Else's Boy ( 1962 ) - CONNIE FRANCIS - Lyrics
GiMN5a38lXo,2015-10-01 13:01:14,Half As Much ( 1959 ) - CONNIE FRANCIS - Lyrics
5GWDgirgsq4,2015-10-01 10:26:13,Tennessee Waltz ( 1959 ) - CONNIE FRANCIS - Lyrics
T5zODlho_xE,2015-09-30 20:55:47,Besame Mucho ( 1960 ) - CONNIE FRANCIS - Lyrics + English Subtitles
nYmvT5YoZfc,2015-09-30 11:00:13,Oh! Suzanna ( Rare ) ( 1848's Cover by CONNIE FRANCIS ) - Lyrics
A7xnDq836jA,2015-09-30 06:50:51,Pretend ( 1960 ) - BRENDA LEE - Lyrics
u04Bf2GfunI,2015-09-22 10:54:38,Save The Last Dance For Me ( The Drifters' 1960 Cover ) - Lyrics
HCwS-gw8v0M,2015-09-17 20:34:43,The Girl Of My Best Friend ( 1960 ) - ELVIS PRESLEY - Lyrics
IDHY7MBuvII,2015-07-28 23:15:34,Pretty Blue Eyes ( 1959 ) - STEVE LAWRENCE - Lyrics
GwIWI8-4SLo,2015-07-16 17:22:19,That's The Way Boys Are ( 1964 ) - LESLEY GORE - Lyrics
cI4gD9VNcic,2015-07-09 13:03:56,Born To Love You ( 1969 ) - SKEETER DAVIS - Lyrics
x3r4r9MxK2w,2015-07-03 12:39:03,你怎么说  What Do You Have To say - TERESA TENG - Lyrics + English translation
8b7ZTzc7u3Y,2015-06-28 16:17:00,Rhythm Of The Rain ( 1963's Cover ) - JASON DONOVAN - Lyrics
sXkKBiGeQjI,2015-06-19 11:14:15,Never Love Again ( 1962 ) - SUE THOMPSON - Lyrics
ad3v36Kd15U,2015-06-11 11:34:24,Lolita Ya Ya ( 1962 ) - NELSON RIDDLE
eu-6jB_XmLY,2015-05-19 16:15:06,China Night ( 1940 Nights of China Cover ) - English translation from japanese
UUA-3WHCqbM,2015-05-09 07:35:27,Proud Mary ( 1969 ) - CREEDENCE CLEARWATER REVIVAL - Lyrics
T_5sAF9mTHM,2015-05-06 11:09:38,Let It Be Me ( 1965 ) - BRENDA LEE - Lyrics
4OCSuSCC10E,2015-04-29 20:55:05,I'm Sorry ( 1960 ) - BRENDA LEE - Lyrics
yPaoaoE-px4,2015-04-27 08:37:25,Only You ( 1962 ) - BRENDA LEE - Lyrics
dXOpjFivWYo,2015-04-23 16:22:56,Teenage Idol ( 1962 ) - RICKY NELSON - Lyrics
b-oYhJyAOz0,2015-04-18 10:36:38,Summer Kisses Winter Tears ( 1960 ) - ELVIS PRESLEY - Lyrics
cayfWrlWgII,2015-04-02 15:00:31,The Bridge On The River Kwai ( RARE ) 1957 - ARNOLD MALCOLM - Music
nt8Mzxorn24,2015-04-02 06:11:49,Bernadine ( Another version ) 1957 - PAT BOONE - Lyrics
veQtUWHZeP8,2015-03-18 12:36:49,Where Is Your Heart ( 1958 ) - JONI JAMES - Lyrics
x7P957ixaXA,2015-03-10 16:27:12,Angel ( RARE ) 1962 - ELVIS PRESLEY - Lyrics
qOOjyfiFI0U,2015-03-07 07:30:42,Travelin' Man ( 1961 ) - RICKY NELSON - Lyrics
ll8bwPvoeu0,2015-03-04 17:56:11,I'll Remember Tonight ( RARE ) 1958 - PAT BOONE - Lyrics
nWH-m3qzpVk,2015-02-20 13:27:22,Moonlight Swim ( 1961 ) - ELVIS PRESLEY - Lyrics
zRhrL2Gmdsk,2015-02-15 16:08:30,Oh Oh Chéri ( 1962 ) - FRANCOISE HARDY - Lyrics
ekYqiZvfi90,2015-02-11 12:08:06,Dreamin' ( Rare ) 1960s - THE CASCADES - Lyrics
OvhjTMzgqEw,2015-01-30 23:55:26,Rain And Tears ( 1968 ) - APHRODITE'S CHILD - Lyrics
VP_gLuXb7oI,2015-01-28 22:59:22,It's Five O'Clock ( 1969 ) - APHRODITE'S CHILD - Lyrics
qCTjXjsUAxk,2015-01-14 10:25:19,Poetry In Motion ( 1961 ) - JOHNNY TILLOTSON - Lyrics
KwATFD2eTho,2015-01-07 09:20:11,Les Divorcés ( 1973 ) - MICHEL DELPECH - Lyrics + English translation
4g8a6ijvC74,2015-01-04 13:29:55,Yesterday Once More ( 1973 ) - THE CARPENTERS - Lyrics
ZNPoYEKAIY4,2015-01-03 13:25:47,Send Me The Pillow That You Dream On ( 1957 ) - JOHNNY TILLOTSON - Lyrics
iASFXBqmg6k,2014-12-25 17:31:13,No More ( Another version. Rare ) 1973 - ELVIS PRESLEY - Lyrics
5KFewg3ckwo,2014-12-15 20:34:23,Petit Papa Noël ( 1960s ) - ALBUM DE NOEL - Lyrics + English translation
y58J8XJP6DY,2014-12-09 19:38:00,What A Wonderful World ( 1967 ) - LOUIS ARMSTRONG - Lyrics
vXIL_JQZFQU,2014-11-29 11:40:45,Raindrops Keep Falling On My Head ( 1969 ) - B. J. THOMAS - Lyrics
2HF1GNgucaU,2014-11-18 08:40:59,Always ( 1960 ) - PATSY CLINE - Lyrics
-_tGQ8nKo8E,2014-11-16 17:42:32,When I Fall In Love ( 1952 ) - DORIS DAY - Lyrics
8__SGkG4Ofk,2014-11-12 16:56:58,I'll Never Fall In Love Again ( 1969 ) - DIONNE WARWICK - Lyrics
Y_IRQCFRB5M,2014-11-08 11:27:48,Judy Judy Judy ( 1963 ) - JOHNNY TILLOTSON - Lyrics
nswBg06lt-I,2014-11-03 15:21:34,甜蜜蜜  Tian Mi Mi  鄧麗君 - TERESA TENG - English translation
yuYwiAQ2V4M,2014-11-02 07:07:19,That's Amore ( 1953 ) - DEAN MARTIN - Lyrics
5swyXN_QD-A,2014-10-26 16:48:45,Dear Heart ( 1965 ) - ANDY WILLIAMS - Lyrics
xTZkO8b9KVY,2014-10-19 06:57:40,That's All I Want From You 1963 ( Rare ) - DIANE RAY - Lyrics
KsdTvFpggG4,2014-10-18 07:10:41,The Last Waltz - ENGELBERT HUMPERDINCK - Lyrics
B5C79rKPnZ0,2014-10-17 05:44:26,Lessons In Love - CLIFF RICHARD ( 1962 ) - Lyrics
Dcyn6WEI8N0,2014-10-14 09:35:49,Nights In White Satin - THE SHADOWS - Lyrics
9IWxocGm21U,2014-10-11 09:19:15,Aubrey - BREAD - Lyrics
UepsZ89rm3w,2014-10-03 21:39:44,Only Friends - FRANCOISE HARDY - Lyrics
l3kEB9CVWgA,2014-09-28 18:34:20,Those Were The Days - WANDA JACKSON - Lyrics
BY_anyzQZNM,2014-09-22 08:48:40,L Amour Est Bleu ( Love Is Blue ) - CLAUDINE LONGET - Lyrics
EDS_oEWUiUA,2014-09-21 09:17:37,I Got Stung ( 1958 ) - ELVIS PRESLEY - Lyrics
P57vbIZfYGw,2014-09-19 17:39:54,San Francisco ( Be sure to wear some flowers in your hair ) - SCOTT McKENZIE - Lyrics
QAR_nTbcquc,2014-09-18 15:52:25,Love Potion Number 9 - THE SEARCHERS - Lyrics
htZeFV6C5aU,2014-09-11 09:55:52,Peace Pipe ( Rare ) - THE SHADOWS ( 1961 )
XuKQg_leHUc,2014-08-25 08:22:05,Dream Lover ( Rare ) - RICKY NELSON - Lyrics
RTSs_JtnFdU,2014-08-23 10:34:52,Donna  - RITCHIE VALENS - Lyrics
VmC6rCU3vJQ,2014-08-21 07:59:21,No Milk Today - HERMAN'S HERMITS - Lyrics
mbwVKyINE6A,2014-08-15 16:10:30,My Hero ( Rare ) - SUE THOMPSON - Lyrics
L-d9RVbCJbE,2014-08-15 10:20:42,He's Back - SUE THOMPSON - Lyrics
V0hGqQDfCP0,2014-06-30 06:29:21,A Kind Of Hush - THE CARPENTERS - Lyrics
JT6vy_34pFk,2014-06-28 06:55:40,More Than I Can Say - LEO SAYER - Lyrics
Ff-rdmolsMc,2014-06-22 13:31:29,Spanish Harlem - CLIFF RICHARD - Lyrics
Y0j60ovAsck,2014-06-20 18:21:12,How Can I Tell Her - LOBO - Lyrics
p0EO4f2CFWU,2014-06-19 17:45:53,Theme From A Summer Place - THE PERCY FAITH ORCHESTRA
EDD0T1TayvA,2014-06-18 21:20:16,For The Good Times - PERRY COMO - Lyrics
dTk1H8efSRU,2014-06-17 06:38:33,The Night Has A Thousand Eyes ( Rare ) - BOBBY VEE - Lyrics
BrbbOuYVZrs,2014-06-14 15:56:20,Needles And Pins - THE SEARCHERS - Lyrics
g1b_9uCGmtU,2014-06-13 11:37:19,And I Love You So - PERRY COMO - Lyrics
iFgHUYEx4lY,2014-06-11 13:06:26,It's Impossible - PERRY COMO - With lyrics
htV9mrrb5rA,2014-06-07 22:16:43,Honey - BOBBY GOLDSBORO - With lyrics
AzxU-alOnSc,2014-05-29 15:07:26,April Love ( Rare ) 1957 - PAT BOONE - With lyrics
d0CNzn728as,2014-05-28 22:38:34,Nine Little Teardrops ( Rare ) - SUE THOMPSON - With lyrics
_DhLX_hZTLU,2014-05-18 16:05:40,Annie's Song - JOHN DENVER - With lyrics
UGiYJDtwhlI,2014-05-15 10:26:19,You Can Never Stop Me Loving You ( Rare ) - JOHNNY TILLOTSON - With lyrics
O6vB_2R_YXs,2014-05-10 06:45:37,SUE THOMPSON - I Can't Stop Loving You - With lyrics
zspXwtLsjUc,2014-05-09 06:33:05,DALIDA - La Vie En Rose - With lyrics
6ZJCtI8nIx0,2014-04-30 22:18:40,If I Give My Heart To You - DORIS DAY - With lyrics
6blrdXULP_4,2014-04-25 20:35:55,Outsider ( Rare ) - CLIFF RICHARD - With lyrics
uDgvZ3d-rE0,2014-04-21 09:40:09,Poor Boy ( Rare ) - CLIFF RICHARD - With lyrics
pt57gA1_W7c,2014-04-19 07:43:04,Rhythm Of The Rain - THE CASCADES - With lyrics
vaX0iqyzK7Q,2014-04-17 08:38:08,The End Of The World - SKEETER DAVIS - With lyrics
bVAMZofluGc,2014-04-08 21:07:18,Dreamy Eyes - JOHNNY TILLOTSON - With lyrics
9A5RkRcdk5Y,2014-04-05 15:53:14,You Mean Everything To Me - NEIL SEDAKA - With lyrics
vD5UJFiPx7k,2014-04-01 21:36:53,Whatever Will Be Will Be ( Que Sera Sera ) 1956 - DORIS DAY - With lyrics
IVxFbpMhn64,2014-03-28 20:54:51,Sad Movies ( Make me cry ) - SUE THOMPSON - With Lyrics
KQ4qjLLTnP4,2014-03-24 11:46:48,THE CARPENTERS - Please Mister Postman - With Lyrics
Vx4R4_7nqzo,2014-03-22 17:01:39,Anything that's part of you - ELVIS PRESLEY - With Lyrics
O-hKP1NOXa8,2014-03-18 16:34:19,All For The Love Of A Girl ( 1960 ) - JOHNNY HORTON - With Lyrics
nRk6sLhywLo,2014-03-13 16:21:18,Why Do I Love You So ( 1960 ) - JOHNNY TILLOTSON - With Lyrics
mpr4oelxbEk,2014-03-12 15:11:40,All I Have To Do Is Dream ( 1958 ) - ROY ORBISON - With Lyrics
7ZLAHhE2KM8,2014-03-07 16:56:03,Tous Les Garçons Et Les Filles ( 1962 ) - FRANCOISE HARDY - Paroles + English
WvU8tvonSuE,2014-02-24 10:20:06,A Whiter Shade Of Pale ( 1967 ) - ANNIE LENNOX - Lyrics
Mqk2cUlKPdI,2014-02-18 09:04:40,Jalousie Tango - Franck Pourcel
IfAFDMTSmeo,2014-02-17 08:43:35,Manuela ( 1974 ) - JULIO IGLESIAS - Lyrics + English Subtitles
MFUBjvXEquw,2014-02-08 00:03:58,Theme For Young Lovers ( 1964 ) - The Shadows
TSHfwWYhEiE,2014-02-04 20:56:20,The Last Leaf ( Rare ) 1963 - The Cascades - with Lyrics
xCEfS2qHrMw,2014-02-02 14:35:43,The Mansion You Stole ( 1960 ) - Johnny Horton - with Lyrics
24uHwcG9qIc,2014-02-01 17:21:19,Just Let Me Cry ( Rare ) 1963 - Lesley Gore - with Lyrics
n_evKxWHx3Q,2014-01-17 22:14:36,Ton meilleur ami ( 1962 ) - Françoise Hardy - Lyrics
BJS7o4DabXg,2014-01-14 17:21:52,J'ai jeté mon coeur ( 1962 ) - Françoise Hardy - Lyrics
_gMCjAb4_p4,2014-01-02 09:51:10,Sleepy Lagoon HD
pRSesFPK7Os,2014-01-01 18:03:35,Dream Lover ( 1959 ) - LOBO - Lyrics on screen
1oFo_qCp7bc,2014-01-01 15:21:31,Look for a star ( 1960 ) - Garry Miles - Lyrics
wbhtJpiemvI,2014-01-01 13:50:08,I Love How You Love Me ( 1961 ) - The Paris Sister - Lyrics
R5y1uy3abDM,2013-12-31 01:36:39,Evergreen Tree ( 1960 ) - CLIFF RICHARD - Lyrics
